CREATE DATABASE  IF NOT EXISTS `gpwinfomanagementsystem` /*!40100 DEFAULT CHARACTER SET utf8 */;
USE `gpwinfomanagementsystem`;
-- MySQL dump 10.13  Distrib 5.6.13, for Win32 (x86)
--
-- Host: localhost    Database: gpwinfomanagementsystem
-- ------------------------------------------------------
-- Server version	5.7.3-m13-log

/*!40101 SET @OLD_CHARACTER_SET_CLIENT=@@CHARACTER_SET_CLIENT */;
/*!40101 SET @OLD_CHARACTER_SET_RESULTS=@@CHARACTER_SET_RESULTS */;
/*!40101 SET @OLD_COLLATION_CONNECTION=@@COLLATION_CONNECTION */;
/*!40101 SET NAMES utf8 */;
/*!40103 SET @OLD_TIME_ZONE=@@TIME_ZONE */;
/*!40103 SET TIME_ZONE='+00:00' */;
/*!40014 SET @OLD_UNIQUE_CHECKS=@@UNIQUE_CHECKS, UNIQUE_CHECKS=0 */;
/*!40014 SET @OLD_FOREIGN_KEY_CHECKS=@@FOREIGN_KEY_CHECKS, FOREIGN_KEY_CHECKS=0 */;
/*!40101 SET @OLD_SQL_MODE=@@SQL_MODE, SQL_MODE='NO_AUTO_VALUE_ON_ZERO' */;
/*!40111 SET @OLD_SQL_NOTES=@@SQL_NOTES, SQL_NOTES=0 */;

--
-- Table structure for table `code_counciltitle`
--

DROP TABLE IF EXISTS `code_counciltitle`;
/*!40101 SET @saved_cs_client     = @@character_set_client */;
/*!40101 SET character_set_client = utf8 */;
CREATE TABLE `code_counciltitle` (
  `code` char(2) NOT NULL COMMENT '代码',
  `counciltitle` char(10) DEFAULT NULL COMMENT '名称',
  `comments` char(20) DEFAULT NULL COMMENT '备注',
  PRIMARY KEY (`code`)
) ENGINE=InnoDB DEFAULT CHARSET=utf8;
/*!40101 SET character_set_client = @saved_cs_client */;

--
-- Dumping data for table `code_counciltitle`
--

LOCK TABLES `code_counciltitle` WRITE;
/*!40000 ALTER TABLE `code_counciltitle` DISABLE KEYS */;
INSERT INTO `code_counciltitle` VALUES ('01','主任委员',NULL),('02','副主任委员',NULL),('03','委员',NULL);
/*!40000 ALTER TABLE `code_counciltitle` ENABLE KEYS */;
UNLOCK TABLES;

--
-- Table structure for table `code_degree`
--

DROP TABLE IF EXISTS `code_degree`;
/*!40101 SET @saved_cs_client     = @@character_set_client */;
/*!40101 SET character_set_client = utf8 */;
CREATE TABLE `code_degree` (
  `code` char(3) NOT NULL COMMENT '代码',
  `degree` char(16) NOT NULL COMMENT '学位',
  `comments` char(30) DEFAULT NULL COMMENT '备注',
  PRIMARY KEY (`code`)
) ENGINE=InnoDB DEFAULT CHARSET=utf8;
/*!40101 SET character_set_client = @saved_cs_client */;

--
-- Dumping data for table `code_degree`
--

LOCK TABLES `code_degree` WRITE;
/*!40000 ALTER TABLE `code_degree` DISABLE KEYS */;
INSERT INTO `code_degree` VALUES ('100','博士',NULL),('101','名誉博士',NULL),('102','副博士',NULL),('300','硕士',NULL),('400','双学士',NULL),('500','学士',NULL);
/*!40000 ALTER TABLE `code_degree` ENABLE KEYS */;
UNLOCK TABLES;

--
-- Table structure for table `code_education`
--

DROP TABLE IF EXISTS `code_education`;
/*!40101 SET @saved_cs_client     = @@character_set_client */;
/*!40101 SET character_set_client = utf8 */;
CREATE TABLE `code_education` (
  `code` char(2) NOT NULL COMMENT '代码',
  `education` char(20) NOT NULL COMMENT '文化程度',
  `comments` char(30) DEFAULT NULL COMMENT '备注',
  PRIMARY KEY (`code`)
) ENGINE=InnoDB DEFAULT CHARSET=utf8;
/*!40101 SET character_set_client = @saved_cs_client */;

--
-- Dumping data for table `code_education`
--

LOCK TABLES `code_education` WRITE;
/*!40000 ALTER TABLE `code_education` DISABLE KEYS */;
INSERT INTO `code_education` VALUES ('01','研究生毕业','null'),('09','研究生肄业',NULL),('11','大学本科毕业',NULL),('17','大学普通班',NULL),('18','相当大学',NULL),('19','大学本科肄业',NULL),('21','大学专科毕业',NULL),('28','相当大专',NULL),('29','大学专科肄业',NULL),('31','中专毕业',NULL),('38','相当中专',NULL),('39','中专肄业',NULL),('41','技校毕业',NULL),('51','高中毕业',NULL);
/*!40000 ALTER TABLE `code_education` ENABLE KEYS */;
UNLOCK TABLES;

--
-- Table structure for table `code_engage`
--

DROP TABLE IF EXISTS `code_engage`;
/*!40101 SET @saved_cs_client     = @@character_set_client */;
/*!40101 SET character_set_client = utf8 */;
CREATE TABLE `code_engage` (
  `code` char(1) NOT NULL COMMENT '代码',
  `engage` char(10) NOT NULL COMMENT '受聘情况',
  `comments` char(50) DEFAULT NULL COMMENT '备注',
  PRIMARY KEY (`code`)
) ENGINE=InnoDB DEFAULT CHARSET=utf8;
/*!40101 SET character_set_client = @saved_cs_client */;

--
-- Dumping data for table `code_engage`
--

LOCK TABLES `code_engage` WRITE;
/*!40000 ALTER TABLE `code_engage` DISABLE KEYS */;
INSERT INTO `code_engage` VALUES ('1','聘任',NULL),('2','不聘任',NULL),('3','待聘',NULL),('4','缓聘',NULL),('9','其他',NULL);
/*!40000 ALTER TABLE `code_engage` ENABLE KEYS */;
UNLOCK TABLES;

--
-- Table structure for table `code_grouptitle`
--

DROP TABLE IF EXISTS `code_grouptitle`;
/*!40101 SET @saved_cs_client     = @@character_set_client */;
/*!40101 SET character_set_client = utf8 */;
CREATE TABLE `code_grouptitle` (
  `code` char(2) NOT NULL COMMENT '代码',
  `grouptitle` char(4) NOT NULL COMMENT '专业组职务',
  `comments` char(50) DEFAULT NULL,
  PRIMARY KEY (`code`)
) ENGINE=InnoDB DEFAULT CHARSET=utf8;
/*!40101 SET character_set_client = @saved_cs_client */;

--
-- Dumping data for table `code_grouptitle`
--

LOCK TABLES `code_grouptitle` WRITE;
/*!40000 ALTER TABLE `code_grouptitle` DISABLE KEYS */;
INSERT INTO `code_grouptitle` VALUES ('01','组长',NULL),('02','组员',NULL);
/*!40000 ALTER TABLE `code_grouptitle` ENABLE KEYS */;
UNLOCK TABLES;

--
-- Table structure for table `code_judge`
--

DROP TABLE IF EXISTS `code_judge`;
/*!40101 SET @saved_cs_client     = @@character_set_client */;
/*!40101 SET character_set_client = utf8 */;
CREATE TABLE `code_judge` (
  `code` char(1) NOT NULL COMMENT '代码',
  `judge` char(4) DEFAULT NULL COMMENT '名称',
  PRIMARY KEY (`code`)
) ENGINE=InnoDB DEFAULT CHARSET=utf8;
/*!40101 SET character_set_client = @saved_cs_client */;

--
-- Dumping data for table `code_judge`
--

LOCK TABLES `code_judge` WRITE;
/*!40000 ALTER TABLE `code_judge` DISABLE KEYS */;
INSERT INTO `code_judge` VALUES ('0','否'),('1','是');
/*!40000 ALTER TABLE `code_judge` ENABLE KEYS */;
UNLOCK TABLES;

--
-- Table structure for table `code_permission`
--

DROP TABLE IF EXISTS `code_permission`;
/*!40101 SET @saved_cs_client     = @@character_set_client */;
/*!40101 SET character_set_client = utf8 */;
CREATE TABLE `code_permission` (
  `code` char(2) NOT NULL,
  `permission` char(10) DEFAULT NULL,
  `comments` char(45) DEFAULT NULL,
  PRIMARY KEY (`code`)
) ENGINE=InnoDB DEFAULT CHARSET=utf8 COMMENT='评审权限';
/*!40101 SET character_set_client = @saved_cs_client */;

--
-- Dumping data for table `code_permission`
--

LOCK TABLES `code_permission` WRITE;
/*!40000 ALTER TABLE `code_permission` DISABLE KEYS */;
INSERT INTO `code_permission` VALUES ('2','正高职称',NULL),('3','副高职称',NULL),('5','正副合一',NULL);
/*!40000 ALTER TABLE `code_permission` ENABLE KEYS */;
UNLOCK TABLES;

--
-- Table structure for table `code_series`
--

DROP TABLE IF EXISTS `code_series`;
/*!40101 SET @saved_cs_client     = @@character_set_client */;
/*!40101 SET character_set_client = utf8 */;
CREATE TABLE `code_series` (
  `code` char(2) NOT NULL COMMENT '代码',
  `series` char(50) NOT NULL COMMENT '系列名称',
  `comments` char(50) DEFAULT NULL,
  PRIMARY KEY (`code`)
) ENGINE=InnoDB DEFAULT CHARSET=utf8;
/*!40101 SET character_set_client = @saved_cs_client */;

--
-- Dumping data for table `code_series`
--

LOCK TABLES `code_series` WRITE;
/*!40000 ALTER TABLE `code_series` DISABLE KEYS */;
INSERT INTO `code_series` VALUES ('01','高等学校教师',NULL),('02','中等专业学校教师',NULL),('03','中学教师',NULL),('04','海关人员',NULL);
/*!40000 ALTER TABLE `code_series` ENABLE KEYS */;
UNLOCK TABLES;

--
-- Table structure for table `code_sex`
--

DROP TABLE IF EXISTS `code_sex`;
/*!40101 SET @saved_cs_client     = @@character_set_client */;
/*!40101 SET character_set_client = utf8 */;
CREATE TABLE `code_sex` (
  `code` char(2) NOT NULL COMMENT '代码',
  `sex` char(10) DEFAULT NULL COMMENT '性别',
  `comments` char(20) DEFAULT NULL COMMENT '备注',
  PRIMARY KEY (`code`)
) ENGINE=InnoDB DEFAULT CHARSET=utf8;
/*!40101 SET character_set_client = @saved_cs_client */;

--
-- Dumping data for table `code_sex`
--

LOCK TABLES `code_sex` WRITE;
/*!40000 ALTER TABLE `code_sex` DISABLE KEYS */;
INSERT INTO `code_sex` VALUES ('1','男性',NULL),('2','女性',NULL),('3','未知',NULL);
/*!40000 ALTER TABLE `code_sex` ENABLE KEYS */;
UNLOCK TABLES;

--
-- Table structure for table `code_special`
--

DROP TABLE IF EXISTS `code_special`;
/*!40101 SET @saved_cs_client     = @@character_set_client */;
/*!40101 SET character_set_client = utf8 */;
CREATE TABLE `code_special` (
  `code` char(10) NOT NULL COMMENT '代码',
  `special` char(100) NOT NULL COMMENT '专业名称',
  `comments` char(50) DEFAULT NULL,
  PRIMARY KEY (`code`)
) ENGINE=InnoDB DEFAULT CHARSET=utf8;
/*!40101 SET character_set_client = @saved_cs_client */;

--
-- Dumping data for table `code_special`
--

LOCK TABLES `code_special` WRITE;
/*!40000 ALTER TABLE `code_special` DISABLE KEYS */;
INSERT INTO `code_special` VALUES ('01','哲学',NULL),('0101','哲学类',NULL),('010101','哲学',NULL),('010102','逻辑学',NULL),('010103','伦理学',NULL),('010104','宗教学',NULL),('010151','应用美学',NULL),('010152','宗教事务管理',NULL),('010199','哲学类其他专业',NULL),('02','经济学',NULL),('0201','经济学类',NULL),('020101','经济学',NULL),('020102','国民经济管理',NULL),('020103','统计学',NULL),('020104','财政学',NULL),('020105','货币银行学',NULL);
/*!40000 ALTER TABLE `code_special` ENABLE KEYS */;
UNLOCK TABLES;

--
-- Table structure for table `code_title`
--

DROP TABLE IF EXISTS `code_title`;
/*!40101 SET @saved_cs_client     = @@character_set_client */;
/*!40101 SET character_set_client = utf8 */;
CREATE TABLE `code_title` (
  `code` char(10) NOT NULL COMMENT '代码',
  `title` char(30) NOT NULL COMMENT '职称名称',
  `comments` char(30) DEFAULT NULL COMMENT '备注',
  PRIMARY KEY (`code`)
) ENGINE=InnoDB DEFAULT CHARSET=utf8;
/*!40101 SET character_set_client = @saved_cs_client */;

--
-- Dumping data for table `code_title`
--

LOCK TABLES `code_title` WRITE;
/*!40000 ALTER TABLE `code_title` DISABLE KEYS */;
INSERT INTO `code_title` VALUES ('011','高校教授',NULL),('014','高校助教',NULL),('015','高校计划副教授',NULL),('022','中专高级讲师',NULL),('03','技工学校教师',NULL),('032','技校高级讲师',NULL),('04','中学教师',NULL),('044','中学二级教师',NULL);
/*!40000 ALTER TABLE `code_title` ENABLE KEYS */;
UNLOCK TABLES;

--
-- Table structure for table `code_titlegrade`
--

DROP TABLE IF EXISTS `code_titlegrade`;
/*!40101 SET @saved_cs_client     = @@character_set_client */;
/*!40101 SET character_set_client = utf8 */;
CREATE TABLE `code_titlegrade` (
  `code` char(2) NOT NULL COMMENT '代码',
  `titlegrade` char(10) NOT NULL COMMENT '职称等级',
  `comments` char(30) DEFAULT NULL COMMENT '备注',
  PRIMARY KEY (`code`)
) ENGINE=InnoDB DEFAULT CHARSET=utf8;
/*!40101 SET character_set_client = @saved_cs_client */;

--
-- Dumping data for table `code_titlegrade`
--

LOCK TABLES `code_titlegrade` WRITE;
/*!40000 ALTER TABLE `code_titlegrade` DISABLE KEYS */;
INSERT INTO `code_titlegrade` VALUES ('0','无',NULL),('1','正高级',NULL),('2','副高级',NULL),('3','中级',NULL),('4','助理级',NULL),('5','员级',NULL),('6','初级',NULL);
/*!40000 ALTER TABLE `code_titlegrade` ENABLE KEYS */;
UNLOCK TABLES;

--
-- Table structure for table `expert_baseinfo`
--

DROP TABLE IF EXISTS `expert_baseinfo`;
/*!40101 SET @saved_cs_client     = @@character_set_client */;
/*!40101 SET character_set_client = utf8 */;
CREATE TABLE `expert_baseinfo` (
  `Expert_id` int(9) NOT NULL AUTO_INCREMENT COMMENT '专家标识',
  `Expert_Field1` varchar(100) NOT NULL COMMENT '专家编号',
  `Expert_Field2` varchar(100) NOT NULL COMMENT '专家姓名',
  `Expert_Field3` varchar(100) NOT NULL COMMENT '专家性别',
  `Expert_Field4` varchar(100) NOT NULL COMMENT '身份证号',
  `Expert_Field5` varchar(100) NOT NULL COMMENT '出生年月',
  `Expert_Field6` varchar(100) DEFAULT NULL COMMENT '最高学历 ',
  `Expert_Field7` varchar(100) DEFAULT NULL COMMENT '所获学位',
  `Expert_Field8` varchar(100) DEFAULT NULL COMMENT '毕肄业时间',
  `Expert_Field9` varchar(100) DEFAULT NULL COMMENT '毕肄业学校',
  `Expert_Field10` varchar(100) DEFAULT NULL COMMENT '所学专业',
  `Expert_Field11` varchar(100) DEFAULT NULL COMMENT '参加工作时间',
  `Expert_Field12` varchar(100) DEFAULT NULL COMMENT '现从事专业',
  `Expert_Field13` varchar(100) DEFAULT NULL COMMENT '现从事专业年限',
  `Expert_Field14` varchar(100) DEFAULT NULL COMMENT '工作单位',
  `Expert_Field15` varchar(100) DEFAULT NULL COMMENT '是否本单位',
  `Expert_Field16` varchar(100) DEFAULT NULL COMMENT '行政职务',
  `Expert_Field17` varchar(100) DEFAULT NULL COMMENT '现有任职资格',
  `Expert_Field18` varchar(100) DEFAULT NULL COMMENT '资格级别',
  `Expert_Field19` varchar(100) DEFAULT NULL COMMENT '任职资格所属系列',
  `Expert_Field20` varchar(100) DEFAULT NULL COMMENT '任职资格取得时间',
  `Expert_Field21` varchar(100) DEFAULT NULL COMMENT '聘任情况',
  `Expert_Field22` varchar(100) DEFAULT NULL COMMENT '曾任高评委名称',
  `Expert_Field23` varchar(100) DEFAULT NULL COMMENT '曾属高评委职务',
  `Expert_Field24` varchar(100) DEFAULT NULL COMMENT '任职时间',
  `Expert_Field25` varchar(100) DEFAULT NULL COMMENT '通信地址',
  `Expert_Field26` varchar(100) DEFAULT NULL COMMENT '手机',
  `Expert_Field27` varchar(100) DEFAULT NULL COMMENT '办公室电话',
  `Expert_Field28` varchar(100) DEFAULT NULL COMMENT '住宅电话',
  `Expert_Field29` varchar(100) DEFAULT NULL COMMENT '邮政编码',
  `Expert_Field30` varchar(100) DEFAULT NULL COMMENT '电子邮箱',
  `Expert_Field31` varchar(100) DEFAULT NULL COMMENT '所属任高评委名称',
  `Expert_Field32` varchar(100) DEFAULT NULL COMMENT '拟任高评委职务',
  `Expert_Field33` varchar(100) DEFAULT NULL COMMENT '所属专业组名称',
  `Expert_Field34` varchar(100) DEFAULT NULL COMMENT '拟任专业组职务\n01组长\n02组员\n03其他',
  `Expert_Field35` varchar(100) DEFAULT NULL COMMENT '入库时间',
  PRIMARY KEY (`Expert_id`),
  UNIQUE KEY `Expert_Field1_UNIQUE` (`Expert_Field1`),
  UNIQUE KEY `Expert_Field4_UNIQUE` (`Expert_Field4`)
) ENGINE=InnoDB AUTO_INCREMENT=150 DEFAULT CHARSET=utf8;
/*!40101 SET character_set_client = @saved_cs_client */;

--
-- Dumping data for table `expert_baseinfo`
--

LOCK TABLES `expert_baseinfo` WRITE;
/*!40000 ALTER TABLE `expert_baseinfo` DISABLE KEYS */;
INSERT INTO `expert_baseinfo` VALUES (20,'01010001','陈昊','1','330227199508115374','1996-08-11','01','101','2005-07-01','浙江工业大学','020101','2005-07-01','020102','10','杭州奥特曼有限公司','1','测试职务','011','1','01','2016-09-23','1','测试高评委1','01','2016-09-23','宁波市鄞州区奥特曼大道2-101','17816872632','0571-88132995','0574-88123452','315100','voicebeer@126.com','0101','01','00007','02','2016-12-15'),(21,'01010002','高天宇','1','330227199512125374','1995-12-12','02','102','2007-01-07','浙江大学','020102','2007-01-07','020101','5','杭州罗马尼亚有限公司','1','测试职务2','012','2','02','2016-07-02','2','测试高评委2','02','2016-07-02','杭州市下城区罗马尼亚大道2-207','17816879937','0571-88205355','0571-88395335','310000','ultraman@qq.com','0101','03','00007','01','2016-12-15'),(22,'01010003','陈天宇','1','330227199602095374','1996-02-10','09','102','2017-01-01','湖州市测试大学','020102','2010-01-10','020102','5','湖州测试有限公司','1','测试职务3','012','3','03','2011-01-02','1','测试高评委3','01','2011-06-06','杭州市测试地址','17816879937','0571-88205355','0571-88395335','315192','voicebeer@126.com','0101','01','00008','02','2016-12-15'),(23,'01010004','俞婧瑶','2','330227199602085374','1996-02-10','17','300','2016-12-08','杭州市测试大学','010101','2017-01-02','010101','3','杭州测试有限公司','0','测试职务2','015','3','02','2010-02-02','1','测试高评委1','01','2015-07-08','宁波市测试地址','17816879937','0571-88205355','0571-88395335','315190','voicebeer@126.com','0101','02','00007','02','2016-12-15'),(24,'01020005','陈威涛','1','330227199602075374','2016-12-31','01','100','2011-05-05','温州市测试大学','010101','2008-08-08','010101','3','温州测试有限公司','0','测试职务3','-1','2','02','2007-05-05','1','null','02','2016-01-01','温州市测试地址','17816879937','0571-88205355','0571-88395335','315191','voicebeer@126.com','0102','02','00009','02','2016-12-15'),(25,'01020006','陈杨','1','330227199602065374','2016-11-30','01','100','2008-08-08','上海测试大学','010101','2005-07-08','010199','3','上海测试有限公司','0','测试职务4','011','0','03','2010-07-04','2','null','01','2017-01-01','台州市测试地址','17816879937','0571-88205355','0571-88395335','315100','voicebeer@126.com','0102','03','00006','01','2017-01-01'),(26,'01020007','何波','1','330227199602055374','1951-07-13','01','100','2007-06-06','北京测试大学','010199','2009-09-09','010152','2','北京测试有限公司','0','测试职务1','015','1','01','2008-03-01','2','null','02','2016-10-23','上海测试地址','17816879937','0571-88205355','0571-88395335','315100','voicebeer@126.com','0102','01','00001','02','2017-01-02'),(27,'01020008','何天宇','1','330227199602045374','2016-11-30','09','500','2010-10-10','香港测试大学','010152','2014-10-23','010102','1','香港测试有限公司','1','测试职务2','015','2','02','2005-12-30','2','null','02','2016-11-11','北京测试地址','17816879937','0571-88205355','0571-88395335','315100','voicebeer@126.com','0102','03','00009','02','2017-01-27'),(28,'01030009','胡一轮','1','330227199602035374','2014-12-30','09','100','2015-10-28','宁波市测试大学','010102','2011-09-11','010152','8','宁波测试有限公司','1','测试职务1','012','3','03','2004-11-30','2','测试高评委3','02','2013-01-02','温州市测试地址','17816879937','0571-88205355','0571-88395335','315100','voicebeer@126.com','0103','02','00010','02','2017-01-28'),(29,'01030010','李晨阳','2','330227199602025374','2013-07-25','11','500','2008-05-26','台州市测试大学','010152','2012-09-27','010199','4','杭州市测试单位','0','测试职务2','015','3','03','2010-06-23','3','测试高评委1','02','2011-04-22','杭州市测试地址','17816879937','17816879937','0574-88222333','310000','370396850@qq.com','0103','02','00011','01','2011-07-27'),(30,'01030011','陈晨阳','2','330227199602105373','2013-07-26','18','300','2011-07-26','宁波市测试大学','010199','2001-01-22','010199','1','宁波测试有限公司','1','测试职务3','011','2','02','2008-01-08','2','测试高评委3','01','2010-01-02','深圳测试地址','17816879937','0571-88205355','0571-88395335','315100','voicebeer@126.com','0103','01','00010','01','2017-01-05'),(31,'01030012','胡晨阳','2','330227199602015374','2013-08-27','09','300','2005-05-05','中国测试大学','020101','2002-01-22','020101','3','中国测试有限公祠','1','测试职务1','012','1','01','2006-06-06','2','测试高评委2','01','2008-01-02','香港测试地址','17816879937','0571-88205355','0571-88395335','315100','voicebeer@126.com','0103','01','00011','02','2016-12-31'),(32,'01010005','陈昊地','2','330227199602115374','1996-08-11','17','300','2008-10-28','杭州市测试大学','020103','2010-06-27','020104','6','杭州市测试单位','1','组长','01','3','01','2010-08-29','1','浙江工业大学','03','2011-09-28','杭州市测试地址','13857852999','0574-88139226','0574-88222333','310000','370396850@qq.com','0101','03','00008','02','2013-09-29'),(33,'01030013','haidhf','2','','','-1','0','','','-1','','-1','','','-1','','011','6','-1','','-1','0103','-1','','','','','','','','0103','-1','-1','-1',''),(35,'01030014','chenhao','1','330227199602105374','1997-08-11','09','-1','','','-1','','-1','','','-1','','-1','0','-1','','-1','0103','-1','','','','','','','','0103','-1','-1','-1',''),(36,'01020009','张元鸣','1','410901197710281518','1977-03-21','01','100','2016-11-09','日本宇都宫大学','020103','2007-01-30','0101','20','浙江工业大学','1','研究所所长','011','2','01','2017-05-09','1','0103','02','2017-05-16','留和路288号','13732297279','0571-85290535','0571-85290535','310023','zym@zjut.edu.cn','0102','03','-1','02',''),(37,'01020010','王庆喜','1','360111197602030038','1976-02-03','01','100','2005-03-01','杭州市浙江大学','02','2000-07-01','020101','12','浙江工业大学 全球浙商发展研究院','1','无','-1','0','01','2007-09-01','1','0103','02','2007-09-01','杭州市浙江工业大学 全球浙商发展研究院','','','','','','0102','03','-1','01','2017-05-08'),(38,'01020011','朱华','1','360103197411121711','1974-11-12','01','300','2004-06-01','杭州市 浙江工业大学','-1','1996-08-01','-1','20','浙江工业大学信息工程学院','1','专业实验室副主任','-1','0','01','2005-09-01','1','0102','03','2004-06-01','','','','','','','0102','03','-1','02','2017-05-09'),(39,'01020012','李志中','1','412327197907270559','1979-07-27','01','300','2010-06-01','杭州市 浙江工业大学','-1','2010-12-01','-1','7','浙江工业大学信息学院','1','信息学院实验室党支部书记','-1','0','-1','','1','0102','03','2007-09-01','','','','','','','0102','02','1022000001','02','2017-05-09'),(40,'01020013','卢晗锋','1','330724197712240318','1977-12-24','01','100','2010-01-01','杭州市 浙江工业大学','-1','2002-08-01','-1','15','浙江工业大学化学工程学院','1','能源化工系主任 催化反应工程党支部 书记','-1','0','01','2002-08-01','1','0102','02','2002-08-01','','','','','','','0102','03','00001','01','2017-05-09'),(41,'01020014','金诗南','2','330782198612310022','1986-12-31','01','300','2013-01-01','杭州市 浙江工业大学','-1','2008-08-01','-1','11','浙江工业大学信息工程学院','1','信息学院团委书记 ','01','0','01','2013-07-01','1','0102','02','2013-07-01','','','','','','','0102','01','1022000001','01','2017-05-09'),(42,'01020015','蔡铭','1','330123197910220036','1979-10-22','01','100','2011-10-01','香港 香港理工大学','-1','2006-09-01','-1','11','浙江工业大学海洋学院','1','','013','0','01','2012-03-01','1','0102','03','2012-03-01','','','','','','','0102','02','00001','02','2017-05-09'),(43,'01020016','蒋宁','2','410303197702093728','1977-02-16','01','100','2004.06','浙江大学','-1','2004.06','-1','','浙江工业大学','1','','012','0','01','2006.09','1','0103','-1','2004.06','','','','','','','0102','-1','-1','-1',''),(45,'01020017','李海宗','1','110108196310156553','1963-10-3','01','300','1998.02','西北师范大学','-1','1990.07','-1','','浙江工业大学教育科学与技术学院','1','','012','0','-1','2002.05','1','0102','-1','','','','','','','','0102','-1','-1','-1','2017.5.9'),(47,'01020018','王沛','1','370306198104122518','1963-05-12','01','100','2007.09','浙江大学','-1','2007.11','-1','','浙江工业大学理学院','1','','013','0','01','2011.08','1','0102','-1','','','','','','','','0102','-1','-1','-1','2017.5.9'),(48,'01020019','孙建强','1','330106198308155516','1983-08-12','01','100','2012.06','浙江工业大学','-1','2006.07','-1','','浙江工业大学生物与环境工程学院','1','','013','0','-1','2012.09','1','0102','-1','','','','','','','','0102','-1','-1','-1','2017.5.9'),(49,'01020020','陈志卫','1','330722197206166415','1960-07-15','01','100','','浙江工业大学','-1','','-1','','浙江工业大学药学院','1','','-1','0','-1','','-1','0102','-1','','','','','','','','0102','-1','-1','-1',''),(50,'01020021','陈永春','1','33038219820412404','1982-04-09','11','500','2005.06','浙江工业大学','-1','2011.07','-1','','浙江工业大学团委','1','','-1','0','-1','2013.09','-1','0102','-1','','','','','','','','0102','-1','-1','-1','2017.5.9'),(51,'01020022','王宪保','1','210211197710305935','1965-06-30','01','100','','浙江工业大学','-1','','-1','','浙江工业大学信息工程学院','-1','','-1','0','-1','','1','0102','-1','','','','','','','','0102','-1','-1','-1',''),(53,'01020023','渠扬','1','210902198006101011','1950-06-30','01','300','2006.07 ','沈阳体育学院','-1','2006.07','-1','','浙江工业大学体育军训部','1','','013','0','-1','2009.06','1','0102','-1','','','','','','','','0102','-1','-1','-1','2017.5.9'),(54,'01020024','孟祥河','1','230103197401043634','1974-01-04','01','100','2004.06','江南大学','-1','','-1','','浙江工业大学海洋学院','1','','012','0','-1','2006.09','1','0102','-1','','','','','','','','0102','-1','-1','-1','2017.5.9'),(57,'01020025','郑春晔','1','33070219730905121','1973-09-05','01','100','2013-06-15','浙江大学','-1','1995-09-15','-1','','学校办公室','1','','-1','0','-1','','-1','0103','01','2013-05-05','','','','','','','0102','03','-1','01','2017-05-10'),(58,'01020026','刘云峰','1','530102197601183716','1976-01-11','01','100','2004-12-15','浙江大学','-1','2004-10-15','-1','','浙江工业大学机械工程学院','-1','学科秘书','-1','0','-1','','-1','0103','-1','','','','','','','','0102','03','-1','-1','2017-05-10'),(59,'01020027','俞锋','1','330903198111110239','1981-11-11','11','300','2004-07-15','浙江工业大学','-1','2004-03-15','-1','','浙江工业大学法学院','-1','无','-1','1','-1','','-1','0103','03','','','','','','','','0102','03','-1','02','2017-05-10'),(60,'01020028','蒋敏','2','330103197609200727','1976-09-20','01','100','2005-07-15','西安电子科技大学','-1','2005-08-15','-1','','浙江工业大学经贸管理学院','1','','01','0','-1','','-1','0103','-1','','','','','','','','0102','02','-1','-1','2017-05-10'),(61,'01020029','金靖','1','330623198003077776','1980-03-07','11','300','2002-06-15','浙江工业大学','-1','2002-06-15','-1','','浙江工业大学校园建设处','1','工程管理办公室副主任','-1','0','-1','','-1','0103','-1','','','','','','','','0102','03','-1','02','2017-05-10'),(62,'01020030','褚建军','1','332524197504144410','1975-04-14','01','300','2004-06-15','浙江工业大学','-1','','-1','','浙江工业大学成人教育学院','-1','组织员、教工一支部 书记','-1','0','-1','','-1','0103','-1','','','','','','','','0102','03','-1','-1','2017-05-10'),(63,'01020031','陈微微','2','330682198106255221','1981-06-25','01','300','2006-06-15','浙江大学','-1','2006-06-15','-1','','浙江工业大学科学技术研究院','1','','-1','0','-1','','-1','0103','-1','','','','','','','','0102','03','-1','-1','2017-05-10'),(64,'01020032','戚军','2','330205198111302761','1981-11-13','01','100','2009-06-15','浙江大学','-1','2011-03-15','-1','','浙江工业大学信息程院','-1','无','-1','0','-1','','-1','0103','-1','','','','','','','','0102','03','-1','-1','2017-05-10'),(65,'01020033','邵平','1','330825198003253112','1980-03-25','01','100','2007-01-15','合肥工业大学','-1','2007-04-15','-1','','','-1','院长助理','01','0','-1','','-1','0103','-1','','','','','','','','0102','03','-1','-1','2017-05-10'),(66,'01020034','付明磊','1','130203198103060619','1981-03-06','01','100','','浙江工业大学','-1','2010-07-15','-1','','浙江工业大学理学院','1','无','01','0','-1','','-1','0103','-1','','','','','','','','0102','03','-1','-1','2017-05-10'),(67,'01020035','陈伟锋','1','330226198411040013','1984-11-08','01','100','2011-09-01','浙江大学','010102','2011-10-01','010102','7','浙江工业大学信息工程学院','1','无','-1','0','-1','2012-01-01','-1','0103','-1','','','13957196555','','','310004','','0102','03','00006','02','2017-05-15'),(68,'01020036','叶青','1','330622197501210719','1975-01-06','01','100','2009-12-01','浙江大学','020101','2001-07-01','010103','17','浙江工业大学化学工程学院','1','','-1','0','-1','','-1','0102','-1','','','','','','','','0102','02','1022000003','02',''),(69,'01020037','徐骏','2','330103197802241627','1978-02-02','01','300','2006-06-01','浙江大学','010199','2001-07-01','010199','','校机关保卫处','-1','党支部副书记','-1','2','-1','2006-10-01','1','0103','02','','','','','','','','0102','03','-1','01',''),(70,'01020038','胡晓敏','1','420204197905174555','2017-05-16','01','300','2005-06-01','浙江工业大学','010199','2005-09-10','010151','','浙江工业大学之江学院','1','之江学院学生处副处长','013','0','-1','2007-09-10','-1','0103','03','','','','','','','','0102','03','1022000003','02',''),(71,'01020039','李行诺','1','410403198108071016','1981-08-10','01','100','2009-07-10','浙江工业大学','010152','2009-07-10','020101','','','-1','浙江工业大学药学院','-1','0','-1','2009-07-01','-1','0103','02','','','','','','','','0102','03','-1','01',''),(72,'01020040','顾方磊','1','330902198203311410','1982-03-21','11','500','2017-05-08','浙江工业大学','0201','2003-03-01','010152','5','保卫处','-1','无','-1','0','-1','','-1','0103','-1','','','','','123123123123','','','0102','01','-1','02',''),(73,'01020041','章舜','1','33102219840906001','1984-09-10','11','500','2013-06-01','浙江师范大学','0201','2007-08-01','020102','','艺术学院','1','','-1','0','01','2017-05-01','-1','0103','03','','','','','','','','0102','03','1022000003','02',''),(74,'01020042','蔡伟','1','332528198609180039','1986-09-10','01','300','2011-06-01','浙江工业大学','-1','','010152','4','浙江工业大学','1','研究实习员','-1','0','-1','2011-11-01','1','0103','03','2016-06-15','','','','','','','0102','03','1022000003','02','2017-05-15'),(75,'01040001','专家1','1','3303821992312','2017-11-15','09','102','2017-11-08','杭州大学','010101','2017-11-14','010102','2','浙江工业大学','0','之江学院学生处副处长','014','1','01','2017-11-15','2','0101','02','2017-11-08','','178168232212','85355275','85355275','315191','244322321@zjs.com','0104','02','1022000001','02','2017-11-22'),(76,'01040002','test','1','123123123','2017-11-07','11','102','2017-10-31','','-1','2017-11-21','-1','','','1','','011','2','02','','-1','null','-1','','','','','','','','0104','02','1022000001','02','2017-11-01'),(82,'01020043','测试','1','330382199512180952','2017-12-12','17','102','','','-1','','-1','','','-1','','-1','-1','-1','','-1','null','-1','','','','','','','','0102','-1','-1','-1',''),(83,'p01010001','周芝红','2','330621196801012166','1968-01-01','21','-1','','绍兴文理学院','-1','','020102','','绍兴大发布业有限公司','-1','','011','-1','-1','','-1','null','-1','','','','','','','','p0101','-1','-1','-1',''),(84,'p01010002','余伟国','1','330621196708084253','1967-08-08','28','-1','','','-1','','-1','','绍兴港现代物流集团有限公司','-1','','011','-1','-1','2017-06-05','-1','null','-1','','','','','','','','p0101','-1','-1','-1',''),(85,'p01010003','卢娟','2','331082198511046229','1985-11-04','11','-1','2008.7','杭州师范大学','-1','20080701','-1','','杭州市中医院','-1','人事科（负责薪酬福利社保等工作）','-1','-1','-1','20121103','-1','null','-1','','','','','','','','p0101','-1','-1','-1',''),(86,'p01010004','龚维权','1','330107197301080015','1973-01-08','11','-1','1997年6月','浙江省高等教育自学考试','-1','19911015','-1','','浙江新世纪大酒店','-1','市场营销部经理','-1','-1','-1','20031102','-1','null','-1','','','','','','','','p0101','-1','-1','-1',''),(87,'p01010005','赵荣乔','1','330621195906261850','1959-06-26','31','-1','1993年12月27日','浙江省高等教育自学考试委员会','-1','19810201','-1','','绍兴华通色纺有限公司','-1','总经理','-1','-1','-1','20081128','-1','null','-1','','','','','','','','p0101','-1','-1','-1',''),(88,'p01010006','孙新来','1','332621197209065177','1972-09-06','01','300','2016年','云南师范大学','-1','19920301','-1','','浙江鑫可精密机械有限公司','-1','副总经理','-1','-1','-1','20151101','-1','null','-1','','','','','','','','p0101','-1','-1','-1',''),(89,'p01010007','胡晓峰','1','330621197702221194','1977-02-22','11','-1','2006年12月31日','中共中央党校函授学院','-1','19960708','-1','','绍兴柯桥排水有限公司 ','-1','董事长','-1','-1','-1','20170401','-1','null','-1','','','','','','','','p0101','-1','-1','-1',''),(90,'p01010008','徐俐玲','2','332502197010260026','1970-10-26','11','-1','1996.11.1','','-1','19910901','-1','','杭州藏愚科技有限公司','-1','副总经理','-1','-1','-1','20001105','-1','null','-1','','','','','','','','p0101','-1','-1','-1',''),(91,'p01010009','高建华','1','372901198012256159','1980-12-25','01','-1','201102','华东师范大学','-1','20050720','-1','','浙江省交通规划设计研究院','-1','人力资源管理','-1','-1','-1','20130430','-1','null','-1','','','','','','','','p0101','-1','-1','-1',''),(92,'p01010010','方建华','2','330127196309050049','1963-09-05','21','-1','1997年6月','中央党校函授学院','-1','19810301','-1','','淳安县千岛湖林场','-1','林业经济管理','-1','-1','-1','19971102','-1','null','-1','','','','','','','','p0101','-1','-1','-1',''),(93,'p01010011','陈贇','1','422622197308260013','1973-08-26','01','100','2008年6月','浙江大学管理学院','-1','19910701','-1','','浙江省省属国有企业监事服务中心','-1','专职监事','-1','-1','-1','20140621','-1','null','-1','','','','','','','','p0101','-1','-1','-1',''),(94,'p01010012','成钢','1','321102197504301014','1975-04-30','01','-1','2012年10月','香港理工大学','-1','19960901','-1','','浙江寰宇能源集团有限公司','-1','董事长助理','-1','-1','-1','20131231','-1','null','-1','','','','','','','','p0101','-1','-1','-1',''),(95,'p01010013','胡伟','2','220202198202105742','1982-02-10','01','300','2006年6月30日','南开大学','-1','20060703','-1','','浙江清华长三角研究院','-1','管理六级、副部长、专技岗待定','-1','-1','-1','20101107','-1','null','-1','','','','','','','','p0101','-1','-1','-1',''),(96,'p01010014','朱懿娟','2','330126196710130727','1967-10-13','11','-1','2006年3月','浙江工商大学','-1','19871202','-1','','建德市白沙小额贷款有限公司','-1','总经理','-1','-1','-1','20001105','-1','null','-1','','','','','','','','p0101','-1','-1','-1',''),(97,'p01010015','陈丽娟','2','330184198408121849','1984-08-12','01','300','2008年5月30日','吉林大学','-1','20080601','-1','','杭州市江干区科技发展中心','-1','科技金融科科长','-1','-1','-1','20110930','-1','null','-1','','','','','','','','p0101','-1','-1','-1',''),(98,'p01010016','吴吉','1','330719198201254332','1982-01-25','11','-1','2005年7月','哈尔滨商业大学','-1','20050731','-1','','中天建设集团有限公司','-1','财务部经理','-1','-1','-1','20071103','-1','null','-1','','','','','','','','p0101','-1','-1','-1',''),(99,'p01010017','王国森','-1','332621196808180199','1968-08-18','11','-1','2014年12月','江西科技学院','-1','19890801','-1','','浙江沪杭甬养护工程有限公司','-1','党总支副书记兼纪检委员、工会主席','-1','-1','-1','20091108','-1','null','-1','','','','','','','','p0101','-1','-1','-1',''),(100,'p01010018','孙宝','1','332524196808090058','1968-08-09','11','-1','2009年12月31日','中共中央党校函授学院','-1','19900101','-1','','浙江华宝房产集团有限公司','-1','董事长','-1','-1','-1','20061228','-1','null','-1','','','','','','','','p0101','-1','-1','-1',''),(101,'p01010019','黄兴','1','330105197603271615','1976-03-27','01','300','2010年11月','香港理工大学 ','-1','19950801','-1','','纳德酒店股份有限公司','-1','公司董事长','-1','-1','-1','20170517','-1','null','-1','','','','','','','','p0101','-1','-1','-1',''),(102,'p01010020','阮光栋','1','330682198008075016','1980-08-07','11','-1','2014年6月10日','浙江工业大学 ','-1','20050101','-1','','浙江闰土染料有限公司','-1','总经理','-1','-1','-1','20170701','-1','null','-1','','','','','','','','p0101','-1','-1','-1',''),(103,'p01010021','赵志刚','1','339005197208184119','1972-08-18','11','-1','20120120','天津大学','-1','19900801','-1','','浙江港立装饰有限公司','-1','总经理','-1','-1','-1','20170726','-1','null','-1','','','','','','','','p0101','-1','-1','-1',''),(104,'p01010022','张伟','1','330302196203240032','1962-03-24','51','-1','1996年9月','温州市成人高中','-1','19781201','-1','','温州市勘察测绘研究院','-1','经济管理','-1','-1','-1','20170518','-1','null','-1','','','','','','','','p0101','-1','-1','-1',''),(105,'p01010023','苏卫东','1','33042519710319001X','1971-03-19','11','-1','2008年1月15日','华东理工大学','-1','19890801','-1','','浙江伏尔特医疗器械股份有限公司','-1','副总经理','-1','-1','-1','20081102','-1','null','-1','','','','','','','','p0101','-1','-1','-1',''),(106,'p01010024','杜远','1','610103197812062419','1978-12-06','01','-1','2002.4','西安交通大学','-1','20020501','-1','','东方通信股份有限公司','-1','总裁助理、部门总经理','-1','-1','-1','20041107','-1','null','-1','','','','','','','','p0101','-1','-1','-1',''),(107,'p01010025','林凯特','1','330304198405305713','1984-05-30','01','300','2012.12','浙江大学','-1','20060704','-1','','浙江协同数据系统有限公司','-1','部门总监','-1','-1','-1','20120201','-1','null','-1','','','','','','','','p0101','-1','-1','-1',''),(108,'p01010026','周春芬','-1','330102196503110343','1965-03-11','11','-1','2005年9月','上海交通大学 ','-1','19850701','-1','','杭州和达市政园林建设有限公司','-1','副总经理','-1','-1','-1','20021217','-1','null','-1','','','','','','','','p0101','-1','-1','-1',''),(109,'p01010027','黄友洪','1','330719196007126311','1960-07-12','18','-1','1998-6-30','中共浙江省委党校函授学院','-1','20031201','-1','','浙江鑫兰纺织有限公司','-1','董事长兼总经理','-1','-1','-1','20031201','-1','null','-1','','','','','','','','p0101','-1','-1','-1',''),(110,'p01010028','马建强','1','330425196304110931','1963-04-11','11','-1','2009年6月30日','北京青年企业管理研修学院','-1','19790701','-1','','浙江伏尔特医疗器械股份有限公司','-1','董事长','-1','-1','-1','20011030','-1','null','-1','','','','','','','','p0101','-1','-1','-1',''),(111,'p01010029','潘艳娅','2','330722198110288228','1981-10-28','01','300','2016年6月','浙江工业大学','-1','20020710','-1','','浙江天地环保科技有限公司','-1','人力资源部主任经济师（中层副职）','-1','-1','-1','20061104','-1','null','-1','','','','','','','','p0101','-1','-1','-1',''),(112,'p01010030','韦赟','2','330602197908270064','1979-08-27','11','-1','2007年4月','浙江工商大学','-1','20010701','-1','','绍兴袍江工业区投资开发有限公司','-1','财务管理','-1','-1','-1','20091101','-1','null','-1','','','','','','','','p0101','-1','-1','-1',''),(113,'p01010031','王任滔','1','330402198012223015','1980-12-22','11','-1','','','-1','','-1','','新世纪人才派遣有限公司','-1','发行公司副总经理','-1','-1','-1','2009-11-01','-1','null','-1','','','','','','','','p0101','-1','-1','-1',''),(114,'p01010032','陈一勤','1','330104196210011715','1962-10-01','01','-1','','','-1','2000-02-01','-1','','浙江富兴电力燃料有限公司','-1','董事长','-1','-1','-1','2017-05-23','-1','null','-1','','','','','','','','p0101','-1','-1','-1',''),(115,'p01010033','罗明亮','1','330523196507010714','1965-07-01','11','-1','','浙江财经大学','-1','1984-02-01','-1','','浙江长兴农村商业银行股份有限公司','-1','行长','-1','-1','-1','1997-11-02','-1','null','-1','','','','','','','','p0101','-1','-1','-1',''),(116,'p01010034','汪春祥','1','330823195802112715','1958-02-11','21','-1','1998-07-20','海军指挥学院','-1','1975-11-18','-1','','申达电气集团有限公司','-1','集团总经理','-1','-1','-1','2000-03-09','-1','null','-1','','','','','','','','p0101','-1','-1','-1',''),(117,'p01010035','周全','1','330421197310050014','1973-10-05','11','-1','','浙江大学','-1','1996-09-01','-1','','嘉善县招商局','-1','投资促进科科长','-1','-1','-1','1996-09-01','-1','null','-1','','','','','','','','p0101','-1','-1','-1',''),(118,'p01010036','徐世杰','2','210603197901260022','1979-01-26','11','300','','吉林大学','-1','2000-08-01','-1','','浙江浙能技术研究院有限公司','-1','副院长','-1','-1','-1','2000-08-01','-1','null','-1','','','','','','','','p0101','-1','-1','-1',''),(119,'p01010037','徐玖云','1','330522196112044518','1981-06-01','21','-1','','','-1','1981-06-01','-1','','湖州南方矿业有限公司','-1','总经理','-1','-1','-1','2017-05-01','-1','null','-1','','','','','','','','p0101','-1','-1','-1',''),(120,'p01010038','朱帆','2','330106198112250028','1981-12-25','11','-1','','中国计量学院','-1','2004-07-01','-1','','华信咨询设计研究院有限公司','-1','产品策划','-1','-1','-1','2011-12-31','-1','null','-1','','','','','','','','p0101','-1','-1','-1',''),(121,'p01010039','马陈晔','2','332523197705090029','1977-05-09','11','-1','','浙江大学','-1','','-1','','云和县发展和改革局招投标市场管理委员会办公室','-1','副科长','-1','-1','-1','2005-11-01','-1','null','-1','','','','','','','','p0101','-1','-1','-1',''),(122,'p01010040','钱延慧','2','330425197508290529','1975-08-29','21','-1','','中央广播电视大学','-1','1995-08-02','-1','','桐乡市龙翔纺织有限责任公司','-1','企业副总经理','-1','-1','-1','2001-05-07','-1','null','-1','','','','','','','','p0101','-1','-1','-1',''),(123,'p01010041','张娜','2','340304198207020620','1982-07-02','01','300','','华东师范大学','-1','1982-07-02','-1','','浙经规划设计研究所','-1','','-1','-1','-1','2012-10-08','-1','null','-1','','','','','','','','p0101','-1','-1','-1',''),(124,'p01010042','杨凤影','2','330124198110010066','1981-10-01','01','-1','2006-06-30','暨南大学','-1','2006-07-01','-1','','中国美术学院风景建筑设计研究总院','-1','副所长','-1','-1','-1','2009-09-30','-1','null','-1','','','','','','','','p0101','-1','-1','-1',''),(125,'p01010043','周勇涛','1','330522197111023912','1971-11-02','51','-1','','煤山中学','-1','1988-10-11','-1','','长兴泛亚照明电器有限公司','-1','董事长','-1','-1','-1','2017-07-10','-1','null','-1','','','','','','','','p0101','-1','-1','-1',''),(126,'p01010044','周建芳','1','339005198010290615','1980-10-29','01','-1','2014-06-23','广西师范大学','-1','1999-08-31','-1','','温州市轨道交通资产经营管理有限公司','-1','主管','-1','-1','-1','2006-11-04','-1','null','-1','','','','','','','','p0101','-1','-1','-1',''),(127,'p01010045','梁健','1','330623196010180035','1960-10-18','09','-1','2003-06-30','','-1','1977-10-01','-1','','中华联合财产保险股份有限公司台州中心支公司','-1','总经理','-1','-1','-1','1997-11-02','-1','null','-1','','','','','','','','p0101','-1','-1','-1',''),(128,'p01010046','蘧美达','1','330124196407190310','1971-06-08','11','-1','','','-1','1984-12-12','-1','','临安市农村信用合作联社','-1','风险审查','-1','-1','-1','','-1','null','-1','','','','','','','','p0101','-1','-1','-1',''),(129,'p01010047','沈鉴颖','2','330106197106080021','1992-07-01','11','-1','','北京理工大学','-1','1992-07-01','-1','','浙江时空能源技术有限公司','-1','董事长','-1','-1','-1','1999-09-09','-1','null','-1','','','','','','','','p0101','-1','-1','-1',''),(130,'p01010048','李琼','1','330324198506102830','1985-06-10','11','-1','','浙江工商大学','-1','1992-07-02','-1','','浙江省水利水电勘测设计院','-1','教育培训主管','011','-1','-1','2011-11-05','-1','null','-1','','','','','','','','p0101','-1','-1','-1',''),(131,'p01010049','叶军君','2','330727198209185220','1982-09-18','01','-1','2007-06-29','','-1','2007-07-01','020101','','浙江泰林生物技术股份有限公司','-1','证券事务代表兼项目主管','011','-1','-1','2011-12-31','-1','null','-1','','','','','','','','p0101','-1','-1','-1',''),(132,'p01010050','杨林德','1','330822196410264515','1964-10-26','11','-1','','中央党校函授学院','-1','1982-12-02','-1','','常山县中小企业贷款担保有限公司','-1','副总经理','011','-1','-1','2003-11-02','-1','null','-1','','','','','','','','p0101','-1','-1','-1',''),(133,'p01010051','许伟敏','2','332603197801132698','1978-01-13','11','-1','','中央党校','-1','1997-10-10','-1','','台州市黄岩区农村经营管理总站','-1','站长','011','-1','-1','2006-11-01','-1','null','-1','','','','','','','','p0101','-1','-1','-1',''),(134,'p01010052','章建标','1','332601196409231854','1964-09-23','21','-1','','湖南工学院','-1','1983-01-03','-1','','浙江万鑫装饰工程有限公司','-1','董事长','011','-1','-1','2017-06-01','-1','null','-1','','','','','','','','p0101','-1','-1','-1',''),(135,'p01010053','池永清','1','332501197409204417','1974-09-20','11','-1','','中国农业大学','-1','1993-08-01','-1','','丽水市新农村建设和发展研究中心','-1','副主任','-1','-1','-1','','-1','null','-1','','','','','','','','p0101','-1','-1','-1',''),(136,'p01010054','付强','2','232700198112274209','1981-12-27','01','300','','','-1','2013-10-14','-1','','银江孵化器股份有限公司','-1','副总裁','011','-1','-1','2015-06-01','-1','null','-1','','','','','','','','p0101','-1','-1','-1',''),(137,'p01010055','陈亚娥','2','330227197010018781','1970-07-15','11','-1','','杭州大学','-1','1993-07-15','-1','','浙江运达风电股份有限公司','-1','办公室副主任','-1','-1','-1','1997-11-02','-1','null','-1','','','','','','','','p0101','-1','-1','-1',''),(138,'p01010056','蒋信伟','1','330724197904257632','1979-04-25','11','-1','','大连理工大学','-1','1999-07-01','-1','','中天建设集团有限公司','-1','分公司经营负责人','011','-1','-1','2011-01-26','-1','null','-1','','','','','','','','p0101','-1','-1','-1',''),(139,'p01010057','王新华','2','330102196606070321','1966-06-07','11','500','','浙江理工大学','-1','1984-08-01','-1','','浙江省公安厅新闻传媒中心','-1','','011','-1','-1','1997-11-01','-1','null','-1','','','','','','','','p0101','-1','-1','-1',''),(140,'p01010058','王猛','1','330302197207141239','1972-07-12','11','-1','','中央党校函授学院','-1','1990-09-01','-1','','温州市工业资产营运管理有限公司','-1','总经理','-1','-1','-1','2001-11-01','-1','null','-1','','','','','','','','p0101','-1','-1','-1',''),(141,'p01010059','季宗富','1','330726197811300534','1978-11-30','11','-1','','浙江林学院','-1','2002-06-01','-1','','浙江农林大学','-1','副总经理','-1','-1','-1','2008-11-01','-1','null','-1','','','','','','','','p0101','-1','-1','-1',''),(142,'p01010060','解海','1','330127197610270037','2007-01-31','11','-1','','中国政法大学','-1','1997-07-01','-1','','淳安县市政园林管理处','-1','','-1','-1','-1','','-1','null','-1','','','','','','','','p0101','-1','-1','-1',''),(143,'p01010061','曾玮','1','330902198203160077','1982-03-16','11','300','','浙江工业大学','-1','2004-07-01','-1','','浙江省信用中心','-1','','-1','-1','-1','','-1','null','-1','','','','','','','','p0101','-1','-1','-1',''),(144,'p01010062','陈建峰','1','330825197811271015','1978-11-27','11','-1','2009-01-05','绍兴文理学院','-1','2997-08-15','-1','','龙游县职业技术学校','-1','','-1','-1','-1','2010-11-07','-1','null','-1','','','','','','','','p0101','-1','-1','-1',''),(145,'p01010063','胡云龙','1','342622197601120618','1976-01-12','11','-1','','合肥工业大学','-1','1999-08-10','-1','','浙江之信汽车有限公司','-1','总经理','011','-1','-1','2017-06-16','-1','null','-1','','','','','','','','p0101','-1','-1','-1',''),(146,'p01010064','邱荣泉','1','330521196210194812','1962-10-19','51','-1','','德清新市第三中学','-1','1982-03-17','-1','','浙江泰达微电机有限公司','-1','董事长','-1','-1','-1','1992-06-20','-1','null','-1','','','','','','','','p0101','-1','-1','-1',''),(147,'p01010065','王广勇','1','410184198112113217','1981-12-11','01','300','2009-06-10','中共江苏省委党校','-1','2009-07-10','-1','','台州市沿海产业带开发建设促进中心','-1','','-1','-1','-1','','-1','null','-1','','','','','','','','p0101','-1','-1','-1',''),(148,'p01010066','刘桂夫','1','330903195808170617','1958-08-17','28','-1','','浙江交通职业技术学院','-1','1973-02-01','-1','','舟山海华客运有限公司','-1','','-1','-1','-1','','-1','null','-1','','','','','','','','p0101','-1','-1','-1',''),(149,'p01010067','赵定国','1','330124196407020039','1964-07-02','21','-1','','','-1','1987-07-01','-1','','绍兴市轨道交通集团有限公司','-1','','-1','-1','-1','','-1','null','-1','','','','','','','','p0101','-1','-1','-1','');
/*!40000 ALTER TABLE `expert_baseinfo` ENABLE KEYS */;
UNLOCK TABLES;

--
-- Table structure for table `group_dept`
--

DROP TABLE IF EXISTS `group_dept`;
/*!40101 SET @saved_cs_client     = @@character_set_client */;
/*!40101 SET character_set_client = utf8 */;
CREATE TABLE `group_dept` (
  `Group_id` int(11) NOT NULL AUTO_INCREMENT,
  `Group_no` varchar(100) NOT NULL COMMENT '专业组代码',
  `Group_name` varchar(100) NOT NULL COMMENT '专业组名称',
  `Group_jury` varchar(100) NOT NULL COMMENT '所属高评委 外键',
  `Group_date` date NOT NULL COMMENT '建立时间',
  `Group_comm` varchar(80) DEFAULT NULL COMMENT '备注',
  PRIMARY KEY (`Group_id`)
) ENGINE=InnoDB AUTO_INCREMENT=14 DEFAULT CHARSET=utf8;
/*!40101 SET character_set_client = @saved_cs_client */;

--
-- Dumping data for table `group_dept`
--

LOCK TABLES `group_dept` WRITE;
/*!40000 ALTER TABLE `group_dept` DISABLE KEYS */;
INSERT INTO `group_dept` VALUES (1,'00001','化学组','0102','2008-08-08','sdfsdf'),(6,'00006','物理组','0102','2008-08-08',NULL),(7,'00007','化学组','0101','2007-07-07',NULL),(8,'00008','哲学组','0101','2008-08-08',NULL),(9,'00009','哲学组','0102','2006-06-06',NULL),(10,'00010','物理组','0103','2009-10-10',NULL),(11,'00011','哲学组','0103','2006-01-01',NULL),(12,'1022000001','物理组','0104','2017-11-16','物理'),(13,'1022000002','计算机组','0104','2017-11-08','修电脑');
/*!40000 ALTER TABLE `group_dept` ENABLE KEYS */;
UNLOCK TABLES;

--
-- Table structure for table `history_title`
--

DROP TABLE IF EXISTS `history_title`;
/*!40101 SET @saved_cs_client     = @@character_set_client */;
/*!40101 SET character_set_client = utf8 */;
CREATE TABLE `history_title` (
  `History_id` int(11) NOT NULL AUTO_INCREMENT COMMENT '历史任职标识',
  `expert_no` char(8) NOT NULL COMMENT '专家编号',
  `expert_name` char(20) NOT NULL COMMENT '专家姓名',
  `expert_jury` char(20) NOT NULL COMMENT '所任高评委',
  `expert_group` char(20) NOT NULL COMMENT '专业组',
  `expert_post` char(10) NOT NULL COMMENT '职务',
  `expert_serveyear` char(10) NOT NULL COMMENT '任职年度',
  PRIMARY KEY (`History_id`),
  UNIQUE KEY `History_id_UNIQUE` (`History_id`)
) ENGINE=InnoDB AUTO_INCREMENT=235 DEFAULT CHARSET=utf8;
/*!40101 SET character_set_client = @saved_cs_client */;

--
-- Dumping data for table `history_title`
--

LOCK TABLES `history_title` WRITE;
/*!40000 ALTER TABLE `history_title` DISABLE KEYS */;
INSERT INTO `history_title` VALUES (165,'01020014','金诗南','0102','1022000001','主任委员','2014'),(166,'01020036','叶青','0102','1022000003','副主任委员','2014'),(167,'01020005','陈威涛','0102','00009','副主任委员','2014'),(168,'01020028','蒋敏','0102','-1','委员','2014'),(169,'01020015','蔡铭','0102','00001','委员','2014'),(170,'01020032','戚军','0102','-1','委员','2014'),(171,'01020013','卢晗锋','0102','00001','委员','2014'),(172,'01020029','金靖','0102','-1','委员','2014'),(230,'01020006','陈杨','0102','1022000001','组长','2017'),(231,'01020013','卢晗锋','0102','00007','组长','2017'),(232,'01020035','陈伟锋','0102','1022000001','组员','2017'),(233,'01020015','蔡铭','0102','00007','组员','2017'),(234,'01020007','何波','0102','00007','组员','2017');
/*!40000 ALTER TABLE `history_title` ENABLE KEYS */;
UNLOCK TABLES;

--
-- Temporary table structure for view `historytitleview`
--

DROP TABLE IF EXISTS `historytitleview`;
/*!50001 DROP VIEW IF EXISTS `historytitleview`*/;
SET @saved_cs_client     = @@character_set_client;
SET character_set_client = utf8;
/*!50001 CREATE TABLE `historytitleview` (
  `expert_no` tinyint NOT NULL,
  `expert_name` tinyint NOT NULL,
  `expert_jury` tinyint NOT NULL,
  `expert_group` tinyint NOT NULL,
  `expert_post` tinyint NOT NULL,
  `expert_serveyear` tinyint NOT NULL
) ENGINE=MyISAM */;
SET character_set_client = @saved_cs_client;

--
-- Temporary table structure for view `infolistview`
--

DROP TABLE IF EXISTS `infolistview`;
/*!50001 DROP VIEW IF EXISTS `infolistview`*/;
SET @saved_cs_client     = @@character_set_client;
SET character_set_client = utf8;
/*!50001 CREATE TABLE `infolistview` (
  `Expert_id` tinyint NOT NULL,
  `Expert_Field1` tinyint NOT NULL,
  `Expert_Field2` tinyint NOT NULL,
  `Expert_Field3` tinyint NOT NULL,
  `Expert_Field4` tinyint NOT NULL,
  `Expert_Field5` tinyint NOT NULL,
  `Expert_Field6` tinyint NOT NULL,
  `Expert_Field7` tinyint NOT NULL,
  `Expert_Field8` tinyint NOT NULL,
  `Expert_Field9` tinyint NOT NULL,
  `Expert_Field10` tinyint NOT NULL,
  `Expert_Field11` tinyint NOT NULL,
  `Expert_Field12` tinyint NOT NULL,
  `Expert_Field13` tinyint NOT NULL,
  `Expert_Field14` tinyint NOT NULL,
  `Expert_Field15` tinyint NOT NULL,
  `Expert_Field16` tinyint NOT NULL,
  `Expert_Field17` tinyint NOT NULL,
  `Expert_Field18` tinyint NOT NULL,
  `Expert_Field19` tinyint NOT NULL,
  `Expert_Field20` tinyint NOT NULL,
  `Expert_Field21` tinyint NOT NULL,
  `Expert_Field22` tinyint NOT NULL,
  `Expert_Field23` tinyint NOT NULL,
  `Expert_Field24` tinyint NOT NULL,
  `Expert_Field25` tinyint NOT NULL,
  `Expert_Field26` tinyint NOT NULL,
  `Expert_Field27` tinyint NOT NULL,
  `Expert_Field28` tinyint NOT NULL,
  `Expert_Field29` tinyint NOT NULL,
  `Expert_Field30` tinyint NOT NULL,
  `Expert_Field31` tinyint NOT NULL,
  `Expert_Field32` tinyint NOT NULL,
  `Expert_Field33` tinyint NOT NULL,
  `Expert_Field34` tinyint NOT NULL,
  `Expert_Field35` tinyint NOT NULL
) ENGINE=MyISAM */;
SET character_set_client = @saved_cs_client;

--
-- Temporary table structure for view `infolistviewinch`
--

DROP TABLE IF EXISTS `infolistviewinch`;
/*!50001 DROP VIEW IF EXISTS `infolistviewinch`*/;
SET @saved_cs_client     = @@character_set_client;
SET character_set_client = utf8;
/*!50001 CREATE TABLE `infolistviewinch` (
  `专家标识` tinyint NOT NULL,
  `专家编号` tinyint NOT NULL,
  `专家姓名` tinyint NOT NULL,
  `专家性别` tinyint NOT NULL,
  `身份证号` tinyint NOT NULL,
  `出生年月` tinyint NOT NULL,
  `最高学历` tinyint NOT NULL,
  `所获学位` tinyint NOT NULL,
  `毕肄业时间` tinyint NOT NULL,
  `毕肄业学校` tinyint NOT NULL,
  `所学专业` tinyint NOT NULL,
  `参加工作时间` tinyint NOT NULL,
  `现从事专业` tinyint NOT NULL,
  `现从事专业年限` tinyint NOT NULL,
  `工作单位` tinyint NOT NULL,
  `是否本单位` tinyint NOT NULL,
  `行政职务` tinyint NOT NULL,
  `现有任职资格` tinyint NOT NULL,
  `资格级别` tinyint NOT NULL,
  `任职资格所属系列` tinyint NOT NULL,
  `任职资格取得时间` tinyint NOT NULL,
  `聘任情况` tinyint NOT NULL,
  `曾任高评委名称` tinyint NOT NULL,
  `曾属高评委职务` tinyint NOT NULL,
  `任职时间` tinyint NOT NULL,
  `通信地址` tinyint NOT NULL,
  `手机` tinyint NOT NULL,
  `办公室电话` tinyint NOT NULL,
  `住宅电话` tinyint NOT NULL,
  `邮政编码` tinyint NOT NULL,
  `电子邮箱` tinyint NOT NULL,
  `所属任高评委名称` tinyint NOT NULL,
  `拟任高评委职务` tinyint NOT NULL,
  `所属专业组名称` tinyint NOT NULL,
  `拟任专业组职务` tinyint NOT NULL,
  `入库时间` tinyint NOT NULL
) ENGINE=MyISAM */;
SET character_set_client = @saved_cs_client;

--
-- Table structure for table `jury_dept`
--

DROP TABLE IF EXISTS `jury_dept`;
/*!40101 SET @saved_cs_client     = @@character_set_client */;
/*!40101 SET character_set_client = utf8 */;
CREATE TABLE `jury_dept` (
  `Jury_id` int(11) NOT NULL AUTO_INCREMENT COMMENT '高评委标识\r',
  `Jury_no` varchar(100) NOT NULL COMMENT '高评委代码 候选键',
  `Jury_name` varchar(100) NOT NULL COMMENT '高评委名称',
  `Jury_type` char(1) NOT NULL COMMENT '类别\n1. 按职务类别或相近专业（二级学科）组建\n2. 按专业（学科）组建',
  `Jury_power` char(1) NOT NULL COMMENT '权限\n0. \n1. 正高级\n2. 副高级\n3. 正副合一',
  `Jury_qualiname` char(100) NOT NULL COMMENT '所评资格名称',
  `Jury_dept` char(50) NOT NULL COMMENT '材料接收单位',
  `Jury_comments` varchar(100) DEFAULT NULL COMMENT '备注',
  `Jury_date` date NOT NULL COMMENT '设立时间',
  PRIMARY KEY (`Jury_id`),
  UNIQUE KEY `Jury_name_UNIQUE` (`Jury_name`)
) ENGINE=InnoDB AUTO_INCREMENT=26 DEFAULT CHARSET=utf8;
/*!40101 SET character_set_client = @saved_cs_client */;

--
-- Dumping data for table `jury_dept`
--

LOCK TABLES `jury_dept` WRITE;
/*!40000 ALTER TABLE `jury_dept` DISABLE KEYS */;
INSERT INTO `jury_dept` VALUES (1,'0101','省高校教师','0','3','教授·副教授·研究员','省教育厅高校科研','普通高校·成人高校','2001-05-09'),(2,'0102','浙江工业大学教师高级职务','2','3','副教授','浙江工业大学人事处','','2002-05-09'),(3,'0103','浙江大学教师高级职务','1','2','教授','浙江大学人事处','普通高校','2008-08-08'),(5,'p0103','浙江师范大学教师高级职务（副职）任职资格评审委员会 ','1','2','副教授','浙江师范大学','12','2017-11-14'),(7,'p0101','省高校教师(含科研、实验、学生思想政治教育)高级职务任职资格评审委员会','0','5','教授、副教授、研究员(自然科学)、副研究员、高级实','省教育厅高校科研师资处','','2017-12-25'),(8,'p0102','浙江工业大学教师高级职务(副职)任职资格评审委员会','0','0','副教授','浙江工业大学人事处','','2017-12-25'),(9,'p0104','浙江中医学院教师高级职务(副职)任职资格评审委员会','0','0','副教授','浙江中医学院人事处','','2017-12-25'),(10,'p0105','温州医学院教师高级职务(副职)任职资格评审委员会','0','0','副教授','温州医学院人事处','','2017-12-25'),(11,'p0106','省党校系统专业技术人员高级职务任职资格评审委员会','0','0','教授、副教授、研究员、副研究员、高级讲师','省委党校人事处教授','','2017-12-25'),(12,'p0107','中国美术学院教师高级职务任职资格评审委员会','0','0','教授、副教授','中国美术字院人事处','','2017-12-25'),(13,'p0108','杭州商学院教师高级职务评审委员会','0','0','副教授','杭州商学院人事处','','2017-12-25'),(14,'p0109','浙江工程学院教师高级职务(副职)任职资格评审委员会','0','0','副教授','浙江工程学院人事处','','2017-12-25'),(15,'p0110','杭州电子工业学院教师高级职务(副职)任职评审委员','0','0','副教授','杭州电子工业学院人事处','','2017-12-25'),(16,'p0111','省高校教师高级职务任职资格评审员会宁波大学副教授评审组','0','0','','','','2017-12-25'),(17,'p0112','省高校教师高级职务任职资格评审员会浙江工业大学教授评审组','0','0','','','','2017-12-25'),(18,'p0201','省中等专业学校教师高级职务任职资格评审委员会','0','0','高级讲师、高级实验师','省教育厅人事处','','2017-12-25'),(19,'p0301','省中学教师高级职务任职资格评审委员会','0','0','中学高级教师','省教育厅人事处','','2017-12-25'),(20,'p0302','省职业中学专业课教师高级职务任职资格评审委员会','0','0','中学高级教师','省教育厅人事处','','2017-12-25'),(21,'p0303','杭州市中学教师高级职务任职资格评审委员会','0','0','','','','2017-12-25'),(22,'p0304','宁波市中学教师高级职务任职资格评审委员会','0','0','','','','2017-12-25'),(23,'p0305','温州市中学教师高级职务任职资格评审委员会','0','0','','','','2017-12-25'),(24,'p0306','嘉兴市中学教师高级职务任职资格评审员会','0','0','','','','2017-12-25'),(25,'p0307','湖州市中学教师高级职务任职资格评审委员会','0','0','','','','2017-12-25');
/*!40000 ALTER TABLE `jury_dept` ENABLE KEYS */;
UNLOCK TABLES;

--
-- Table structure for table `jury_idcode`
--

DROP TABLE IF EXISTS `jury_idcode`;
/*!40101 SET @saved_cs_client     = @@character_set_client */;
/*!40101 SET character_set_client = utf8 */;
CREATE TABLE `jury_idcode` (
  `id` int(11) NOT NULL AUTO_INCREMENT,
  `jury_no` varchar(45) DEFAULT NULL,
  `expert_name` varchar(45) DEFAULT NULL,
  `expert_phone` varchar(45) DEFAULT NULL,
  `id_code` varchar(10) DEFAULT NULL,
  `code_invalid_time` datetime DEFAULT NULL,
  `state` varchar(45) DEFAULT NULL,
  PRIMARY KEY (`id`)
) ENGINE=InnoDB AUTO_INCREMENT=284 DEFAULT CHARSET=utf8;
/*!40101 SET character_set_client = @saved_cs_client */;

--
-- Dumping data for table `jury_idcode`
--

LOCK TABLES `jury_idcode` WRITE;
/*!40000 ALTER TABLE `jury_idcode` DISABLE KEYS */;
INSERT INTO `jury_idcode` VALUES (1,'0101','李一','13857898881','9553','2017-07-08 11:29:53',NULL),(56,'0104','cecece','212312455','351609','2017-11-25 19:38:06',NULL),(57,'0104','test','960411','379008','2017-11-25 19:48:50',NULL),(58,'0104','三联','99876','233529','2017-11-25 19:48:28',NULL),(60,'p0103','毛家发','13732297279','953851','2017-11-29 10:21:42',NULL),(61,'p0103','高飞','13278792113','720122','2017-11-29 10:21:25',NULL),(62,'0102','陈俏','13732297278','290334','2017-12-12 00:00:00',NULL),(280,'0102','测试','17816873781','979798','2017-12-27 15:11:56','已录入'),(281,'0102','测试2','17816873780','853703','2017-12-27 15:12:53','未录入'),(282,'0102','ceshi','123123123','441554','2017-12-27 15:55:16','未录入'),(283,'0102','高天宇','17816873781','449340','2017-12-27 15:58:39','未录入');
/*!40000 ALTER TABLE `jury_idcode` ENABLE KEYS */;
UNLOCK TABLES;

--
-- Table structure for table `rule_field`
--

DROP TABLE IF EXISTS `rule_field`;
/*!40101 SET @saved_cs_client     = @@character_set_client */;
/*!40101 SET character_set_client = utf8 */;
CREATE TABLE `rule_field` (
  `field_id` int(11) NOT NULL AUTO_INCREMENT,
  `field_name` varchar(45) DEFAULT NULL,
  `field_chname` varchar(45) DEFAULT NULL,
  `field_type` varchar(5) DEFAULT NULL COMMENT '1 = 等于\n3 = 大于小于等于',
  `field_code` varchar(20) DEFAULT NULL COMMENT '3：填对应代码表\n1：填单位',
  PRIMARY KEY (`field_id`)
) ENGINE=InnoDB AUTO_INCREMENT=16 DEFAULT CHARSET=utf8;
/*!40101 SET character_set_client = @saved_cs_client */;

--
-- Dumping data for table `rule_field`
--

LOCK TABLES `rule_field` WRITE;
/*!40000 ALTER TABLE `rule_field` DISABLE KEYS */;
INSERT INTO `rule_field` VALUES (1,'Field1','性别','1','code_sex'),(2,'Field2','年龄','3','岁'),(3,'Field3','资格级别','1','code_titlegrade'),(4,'Field4','高评委职务','1','code_counciltitle'),(5,'Field5','学位','1','code_degree'),(6,'Field6','学历','1','code_education'),(7,'Field7','聘任情况','1','code_engage'),(8,'Field8','专业组职务','1','code_grouptitle'),(9,'Field9','系列','1','code_series'),(10,'Field10','专业','1','code_special'),(11,'Field11','任职资格','1','code_title'),(12,'Field12','毕肄业时间','3','年'),(13,'Field13','参加工作时间','3','年'),(14,'Field14','任职资格取得时间','3','年'),(15,'Field15','任职时间','3','年');
/*!40000 ALTER TABLE `rule_field` ENABLE KEYS */;
UNLOCK TABLES;

--
-- Table structure for table `rule_management`
--

DROP TABLE IF EXISTS `rule_management`;
/*!40101 SET @saved_cs_client     = @@character_set_client */;
/*!40101 SET character_set_client = utf8 */;
CREATE TABLE `rule_management` (
  `rule_id` int(11) NOT NULL AUTO_INCREMENT,
  `rule_no` varchar(45) DEFAULT NULL,
  `rule_field` varchar(45) DEFAULT NULL,
  `rule_relation` varchar(45) DEFAULT NULL,
  `rule_value` varchar(45) DEFAULT NULL,
  `rule_percent` varchar(45) DEFAULT NULL,
  `rule_percentRelation` varchar(45) DEFAULT NULL,
  `rule_range` varchar(45) DEFAULT NULL,
  `rule_force` varchar(45) DEFAULT NULL COMMENT '0 否\n1 是',
  `rule_enabled` varchar(45) DEFAULT NULL COMMENT '0 否\n1 是',
  PRIMARY KEY (`rule_id`),
  UNIQUE KEY `rule_no_UNIQUE` (`rule_no`)
) ENGINE=InnoDB AUTO_INCREMENT=18 DEFAULT CHARSET=utf8 COMMENT='规则管理表';
/*!40101 SET character_set_client = @saved_cs_client */;

--
-- Dumping data for table `rule_management`
--

LOCK TABLES `rule_management` WRITE;
/*!40000 ALTER TABLE `rule_management` DISABLE KEYS */;
INSERT INTO `rule_management` VALUES (10,'0001','Field4','=','01','12','>','2','0','0'),(11,'0002','Field5','=','300','23','>','3','1','0'),(12,'0003','Field11','=','04','20','<','0','1','1'),(13,'0004','Field1','=','1','30','<','3','0','1'),(14,'0005','Field2','>','3','100','=','3','1','1'),(16,'0006','Field8','=','02','60','<','2','1','1');
/*!40000 ALTER TABLE `rule_management` ENABLE KEYS */;
UNLOCK TABLES;

--
-- Table structure for table `syscode_stru`
--

DROP TABLE IF EXISTS `syscode_stru`;
/*!40101 SET @saved_cs_client     = @@character_set_client */;
/*!40101 SET character_set_client = utf8 */;
CREATE TABLE `syscode_stru` (
  `Field_id` int(11) NOT NULL,
  `Table_name` varchar(45) DEFAULT NULL,
  `Code_char` varchar(45) DEFAULT NULL,
  PRIMARY KEY (`Field_id`)
) ENGINE=InnoDB DEFAULT CHARSET=utf8;
/*!40101 SET character_set_client = @saved_cs_client */;

--
-- Dumping data for table `syscode_stru`
--

LOCK TABLES `syscode_stru` WRITE;
/*!40000 ALTER TABLE `syscode_stru` DISABLE KEYS */;
INSERT INTO `syscode_stru` VALUES (1,'code_counciltitle','2'),(2,'code_degree','3'),(3,'code_education','2'),(4,'code_engage','1'),(5,'code_grouptitle','2'),(6,'code_judge','1'),(7,'code_series','2'),(8,'code_sex','2'),(9,'code_special','10'),(10,'code_title','10'),(11,'code_titlegrade','2');
/*!40000 ALTER TABLE `syscode_stru` ENABLE KEYS */;
UNLOCK TABLES;

--
-- Table structure for table `syscode_table`
--

DROP TABLE IF EXISTS `syscode_table`;
/*!40101 SET @saved_cs_client     = @@character_set_client */;
/*!40101 SET character_set_client = utf8 */;
CREATE TABLE `syscode_table` (
  `tablename` char(20) CHARACTER SET latin1 NOT NULL COMMENT '表名',
  `tablechname` char(20) NOT NULL COMMENT '中文表名',
  `number` int(11) DEFAULT NULL COMMENT '次序',
  PRIMARY KEY (`tablename`)
) ENGINE=InnoDB DEFAULT CHARSET=utf8;
/*!40101 SET character_set_client = @saved_cs_client */;

--
-- Dumping data for table `syscode_table`
--

LOCK TABLES `syscode_table` WRITE;
/*!40000 ALTER TABLE `syscode_table` DISABLE KEYS */;
INSERT INTO `syscode_table` VALUES ('code_counciltitle','高评委职务代码表',NULL),('code_degree','学位代码表',NULL),('code_education','学历代码表',NULL),('code_engage','聘任情况代码表',NULL),('code_group','专业组代码表',NULL),('code_grouptitle','专业组职务代码表',NULL),('code_series','系列代码表',NULL),('code_sex','性别代码表',NULL),('code_special','专业代码表',NULL),('code_title','任职资格代码表',NULL),('code_titlegrade','资格级别代码表',NULL);
/*!40000 ALTER TABLE `syscode_table` ENABLE KEYS */;
UNLOCK TABLES;

--
-- Table structure for table `sysdisplay_page`
--

DROP TABLE IF EXISTS `sysdisplay_page`;
/*!40101 SET @saved_cs_client     = @@character_set_client */;
/*!40101 SET character_set_client = utf8 */;
CREATE TABLE `sysdisplay_page` (
  `tablename` char(20) CHARACTER SET latin1 NOT NULL COMMENT '表名',
  `tablechname` char(20) NOT NULL COMMENT '中文表名',
  `displayorder` int(11) NOT NULL COMMENT '显示次序',
  `order` int(11) DEFAULT NULL COMMENT '次序',
  PRIMARY KEY (`tablename`),
  UNIQUE KEY `tablename_UNIQUE` (`tablename`),
  UNIQUE KEY `tablechname_UNIQUE` (`tablechname`),
  UNIQUE KEY `displayorder_UNIQUE` (`displayorder`)
) ENGINE=InnoDB DEFAULT CHARSET=utf8;
/*!40101 SET character_set_client = @saved_cs_client */;

--
-- Dumping data for table `sysdisplay_page`
--

LOCK TABLES `sysdisplay_page` WRITE;
/*!40000 ALTER TABLE `sysdisplay_page` DISABLE KEYS */;
INSERT INTO `sysdisplay_page` VALUES ('expert_baseinfo','专家信息表',1,NULL);
/*!40000 ALTER TABLE `sysdisplay_page` ENABLE KEYS */;
UNLOCK TABLES;

--
-- Table structure for table `systable_stru`
--

DROP TABLE IF EXISTS `systable_stru`;
/*!40101 SET @saved_cs_client     = @@character_set_client */;
/*!40101 SET character_set_client = utf8 */;
CREATE TABLE `systable_stru` (
  `Field_id` int(11) NOT NULL COMMENT '字段标识',
  `Table_name` char(20) NOT NULL COMMENT '表名',
  `Field_name` char(20) NOT NULL COMMENT '字段名',
  `Field_chname` char(20) CHARACTER SET gbk NOT NULL COMMENT '中文字段名',
  `Field_type` char(20) CHARACTER SET latin1 NOT NULL COMMENT '数据类型',
  `Field_width` int(11) NOT NULL COMMENT '字段长度',
  `Field_order` int(11) NOT NULL COMMENT '字段排序',
  `Field_code` char(20) DEFAULT NULL COMMENT '代码表',
  `Field_default` int(11) DEFAULT NULL COMMENT '默认\n1默认\n0非默认',
  `Field_enable` int(11) DEFAULT NULL COMMENT '启用\n1启用\n0不启用',
  `Field_null` char(20) DEFAULT NULL COMMENT '为空\n1允许\n2不允许',
  `Field_remarik` char(20) DEFAULT NULL COMMENT '注释',
  PRIMARY KEY (`Field_id`)
) ENGINE=InnoDB DEFAULT CHARSET=utf8;
/*!40101 SET character_set_client = @saved_cs_client */;

--
-- Dumping data for table `systable_stru`
--

LOCK TABLES `systable_stru` WRITE;
/*!40000 ALTER TABLE `systable_stru` DISABLE KEYS */;
INSERT INTO `systable_stru` VALUES (1,'expert_baseinfo','Expert_Field1','专家编号','text',150,1,NULL,1,1,'required','haha'),(2,'expert_baseinfo','Expert_Field2','专家姓名','text',150,2,NULL,1,1,'required',NULL),(3,'expert_baseinfo','Expert_Field3','性别','select',100,3,'code_sex',1,1,'required',NULL),(4,'expert_baseinfo','Expert_Field4','身份证号','number',200,4,NULL,1,1,'required',NULL),(5,'expert_baseinfo','Expert_Field5','出生年月','date',150,5,NULL,1,1,'required',NULL),(6,'expert_baseinfo','Expert_FIeld6','最高学历','select',200,6,'code_education',0,1,'',NULL),(7,'expert_baseinfo','Expert_Field7','所获学位','select',200,7,'code_degree',0,1,'',NULL),(8,'expert_baseinfo','Expert_Field8','毕肄业时间','date',150,8,NULL,0,NULL,'',NULL),(9,'expert_baseinfo','Expert_Field9','毕肄业学校','text',200,9,NULL,0,NULL,'','标明城市'),(10,'expert_baseinfo','Expert_Field10','所学专业','select',200,10,'code_special',NULL,NULL,'',NULL),(11,'expert_baseinfo','Expert_Field11','参加工作时间','date',150,11,NULL,NULL,NULL,'',NULL),(12,'expert_baseinfo','Expert_Field12','现从事专业','select',200,12,'code_special',NULL,NULL,'',NULL),(13,'expert_baseinfo','Expert_Field13','现从事专业年限','number',100,13,NULL,NULL,NULL,'',NULL),(14,'expert_baseinfo','Expert_Field14','工作单位','text',200,14,NULL,NULL,NULL,'','现工作单位全称'),(15,'expert_baseinfo','Expert_Field15','是否本单位','select',100,15,'code_judge',NULL,NULL,'',NULL),(16,'expert_baseinfo','Expert_Field16','行政职务','text',150,16,NULL,NULL,NULL,'',NULL),(17,'expert_baseinfo','Expert_Field17','现有任职资格','select',150,17,'code_title',NULL,NULL,'',NULL),(18,'expert_baseinfo','Expert_Field18','资格级别','select',150,18,'code_titlegrade',NULL,NULL,'',NULL),(19,'expert_baseinfo','Expert_Field19','任职资格所属系列','select',150,19,'code_series',NULL,NULL,'',NULL),(20,'expert_baseinfo','Expert_Field20','任职资格取得时间','date',150,20,NULL,NULL,NULL,'',NULL),(21,'expert_baseinfo','Expert_Field21','聘任情况','select',100,21,'code_engage',NULL,NULL,'',NULL),(22,'expert_baseinfo','Expert_Field22','曾属高评委名称','dataList',200,22,'jury_dept',NULL,NULL,'',NULL),(23,'expert_baseinfo','Expert_Field23','曾任高评委职务','select',150,23,'code_counciltitle',NULL,NULL,'',NULL),(24,'expert_baseinfo','Expert_Field24','任职时间','date',150,28,NULL,NULL,NULL,'',NULL),(25,'expert_baseinfo','Expert_Field25','通信地址','text',150,31,NULL,NULL,NULL,'','标明城市'),(26,'expert_baseinfo','Expert_Field26','手机','tel',200,33,NULL,NULL,NULL,'',NULL),(27,'expert_baseinfo','Expert_Field27','办公室电话','tel',200,34,NULL,NULL,NULL,'','加上区号'),(28,'expert_baseinfo','Expert_Field28','住宅电话','tel',200,32,NULL,NULL,NULL,'','加上区号'),(29,'expert_baseinfo','Expert_Field29','邮政编码','text',150,29,NULL,NULL,NULL,'',NULL),(30,'expert_baseinfo','Expert_Field30','电子邮箱','email',200,30,NULL,NULL,NULL,'',NULL),(31,'expert_baseinfo','Expert_Field31','所属高评委名称','dataList',200,24,'jury_dept',NULL,NULL,'',NULL),(32,'expert_baseinfo','Expert_Field32','拟任高评委职务','select',150,25,'code_counciltitle',NULL,NULL,'',NULL),(33,'expert_baseinfo','Expert_Field33','所属专业组名称','select',200,26,'group_dept',NULL,NULL,'',NULL),(34,'expert_baseinfo','Expert_Field34','拟任专业组职务','select',150,27,'code_grouptitle',NULL,NULL,'',NULL),(35,'expert_baseinfo','Expert_Field35','入库时间','date',150,35,NULL,NULL,NULL,'',NULL);
/*!40000 ALTER TABLE `systable_stru` ENABLE KEYS */;
UNLOCK TABLES;

--
-- Table structure for table `user_field`
--

DROP TABLE IF EXISTS `user_field`;
/*!40101 SET @saved_cs_client     = @@character_set_client */;
/*!40101 SET character_set_client = utf8 */;
CREATE TABLE `user_field` (
  `user_name` varchar(100) NOT NULL,
  `Expert_FIeld1` varchar(45) DEFAULT NULL COMMENT '专家编号',
  `Expert_FIeld2` varchar(45) DEFAULT NULL COMMENT '专家姓名',
  `Expert_FIeld3` varchar(45) DEFAULT NULL COMMENT '性别',
  `Expert_FIeld4` varchar(45) DEFAULT NULL COMMENT '身份证号',
  `Expert_FIeld5` varchar(45) DEFAULT NULL COMMENT '出生年月',
  `Expert_FIeld6` varchar(45) DEFAULT NULL COMMENT '最高学历',
  `Expert_FIeld7` varchar(45) DEFAULT NULL COMMENT '所获学位',
  `Expert_FIeld8` varchar(45) DEFAULT NULL COMMENT '毕肄业时间',
  `Expert_FIeld9` varchar(45) DEFAULT NULL COMMENT '毕肄业学校',
  `Expert_FIeld10` varchar(45) DEFAULT NULL COMMENT '所学专业',
  `Expert_FIeld11` varchar(45) DEFAULT NULL COMMENT '参加工作时间',
  `Expert_FIeld12` varchar(45) DEFAULT NULL COMMENT '现从事专业',
  `Expert_FIeld13` varchar(45) DEFAULT NULL COMMENT '现从事专业年限',
  `Expert_FIeld14` varchar(45) DEFAULT NULL COMMENT '工作单位',
  `Expert_FIeld15` varchar(45) DEFAULT NULL COMMENT '是否本单位',
  `Expert_FIeld16` varchar(45) DEFAULT NULL COMMENT '行政职务',
  `Expert_FIeld17` varchar(45) DEFAULT NULL COMMENT '现有任职资格',
  `Expert_FIeld18` varchar(45) DEFAULT NULL COMMENT '资格级别',
  `Expert_FIeld19` varchar(45) DEFAULT NULL COMMENT '任职资格所属系列',
  `Expert_FIeld20` varchar(45) DEFAULT NULL COMMENT '任职资格取得时间',
  `Expert_FIeld21` varchar(45) DEFAULT NULL COMMENT '聘任情况',
  `Expert_FIeld22` varchar(45) DEFAULT NULL COMMENT '曾属高评委名称',
  `Expert_FIeld23` varchar(45) DEFAULT NULL COMMENT '曾任高评委职务',
  `Expert_FIeld24` varchar(45) DEFAULT NULL COMMENT '所属高评委名称',
  `Expert_FIeld25` varchar(45) DEFAULT NULL COMMENT '拟任高评委职务',
  `Expert_FIeld26` varchar(45) DEFAULT NULL COMMENT '所属专业组名称',
  `Expert_FIeld27` varchar(45) DEFAULT NULL COMMENT '拟任专业组职务',
  `Expert_FIeld28` varchar(45) DEFAULT NULL COMMENT '任职时间',
  `Expert_FIeld29` varchar(45) DEFAULT NULL COMMENT '邮政编码',
  `Expert_FIeld30` varchar(45) DEFAULT NULL COMMENT '电子邮箱',
  `Expert_FIeld31` varchar(45) DEFAULT NULL COMMENT '住宅电话',
  `Expert_FIeld32` varchar(45) DEFAULT NULL COMMENT '通信地址',
  `Expert_FIeld33` varchar(45) DEFAULT NULL COMMENT '手机号码',
  `Expert_FIeld34` varchar(45) DEFAULT NULL COMMENT '办公室电话',
  `Expert_FIeld35` varchar(45) DEFAULT NULL COMMENT '入库时间',
  PRIMARY KEY (`user_name`)
) ENGINE=InnoDB DEFAULT CHARSET=utf8;
/*!40101 SET character_set_client = @saved_cs_client */;

--
-- Dumping data for table `user_field`
--

LOCK TABLES `user_field` WRITE;
/*!40000 ALTER TABLE `user_field` DISABLE KEYS */;
INSERT INTO `user_field` VALUES ('a','1','1','0','0','0','0','0','0','0','0','0','0','0','0','0','0','0','0','0','0','0','0','0','0','0','0','0','0','0','0','0','0','0','0','0'),('admin','1','1','1','0','0','1','0','1','0','0','0','0','0','1','0','0','0','0','0','1','0','0','0','0','0','0','0','0','0','0','1','0','0','0','0'),('sgx','1','1','1','1','1','1','1','0','0','0','0','0','0','0','0','0','1','1','0','0','0','0','0','0','0','0','0','0','0','0','0','0','0','0','0'),('testID','1','1','0','0','0','0','0','0','0','0','0','0','0','0','0','0','1','0','0','0','0','0','0','0','0','0','0','0','0','0','0','0','0','1','0'),('zj','1','1','0','0','0','0','0','0','0','0','0','0','0','0','0','0','0','0','0','0','0','0','0','0','0','0','0','0','0','0','0','0','0','0','0'),('zju','1','1','0','0','0','0','0','0','0','0','0','0','0','0','0','0','0','0','0','0','0','0','0','0','0','0','0','0','0','0','0','0','0','0','0'),('zjut','1','1','1','1','1','1','1','0','0','0','0','0','0','0','0','0','1','0','0','0','0','0','0','0','0','0','0','0','0','0','0','0','0','0','0'),('zsd','1','1','1','0','1','1','0','0','0','0','0','0','0','1','1','0','0','0','1','0','0','0','0','0','0','0','0','0','0','0','0','0','0','0','0');
/*!40000 ALTER TABLE `user_field` ENABLE KEYS */;
UNLOCK TABLES;

--
-- Table structure for table `user_login`
--

DROP TABLE IF EXISTS `user_login`;
/*!40101 SET @saved_cs_client     = @@character_set_client */;
/*!40101 SET character_set_client = utf8 */;
CREATE TABLE `user_login` (
  `user_id` int(11) NOT NULL AUTO_INCREMENT COMMENT '用户标识',
  `user_name` varchar(20) NOT NULL COMMENT '用户名',
  `user_psd` char(100) NOT NULL COMMENT '密码',
  `user_enable` char(20) NOT NULL COMMENT '是否禁用',
  `user_date` date DEFAULT NULL COMMENT '建立时间',
  `user_type` int(11) NOT NULL COMMENT '1高评委账号\n2管理员账号',
  `user_jury` varchar(45) DEFAULT NULL COMMENT '所属高评委 外键',
  `user_dept` varchar(45) DEFAULT NULL COMMENT '联系单位',
  `user_tel` varchar(45) DEFAULT NULL COMMENT '联系电话',
  PRIMARY KEY (`user_id`)
) ENGINE=InnoDB AUTO_INCREMENT=18 DEFAULT CHARSET=utf8;
/*!40101 SET character_set_client = @saved_cs_client */;

--
-- Dumping data for table `user_login`
--

LOCK TABLES `user_login` WRITE;
/*!40000 ALTER TABLE `user_login` DISABLE KEYS */;
INSERT INTO `user_login` VALUES (3,'admin','admin','1','2017-02-03',2,NULL,'杭州市教师协会','13857852999'),(7,'zju','zju','0','2017-11-09',1,'0103','111','11'),(8,'zj','zj','1','2017-11-15',1,'0103','',''),(14,'zjut','zjut','1','2017-11-15',1,'0102','',''),(15,'testID','testID','1','2017-11-08',1,'0104','',''),(16,'zsd','zsd','1','2017-11-22',1,'p0103','',''),(17,'sgx','sgx','1','2017-12-25',1,'p0101','','');
/*!40000 ALTER TABLE `user_login` ENABLE KEYS */;
UNLOCK TABLES;

--
-- Final view structure for view `historytitleview`
--

/*!50001 DROP TABLE IF EXISTS `historytitleview`*/;
/*!50001 DROP VIEW IF EXISTS `historytitleview`*/;
/*!50001 SET @saved_cs_client          = @@character_set_client */;
/*!50001 SET @saved_cs_results         = @@character_set_results */;
/*!50001 SET @saved_col_connection     = @@collation_connection */;
/*!50001 SET character_set_client      = utf8 */;
/*!50001 SET character_set_results     = utf8 */;
/*!50001 SET collation_connection      = utf8_general_ci */;
/*!50001 CREATE ALGORITHM=UNDEFINED */
/*!50013 DEFINER=`root`@`localhost` SQL SECURITY DEFINER */
/*!50001 VIEW `historytitleview` AS select distinct `history_title`.`expert_no` AS `expert_no`,`history_title`.`expert_name` AS `expert_name`,`jury_dept`.`Jury_name` AS `expert_jury`,`group_dept`.`Group_name` AS `expert_group`,`history_title`.`expert_post` AS `expert_post`,`history_title`.`expert_serveyear` AS `expert_serveyear` from ((`history_title` left join `jury_dept` on((`history_title`.`expert_jury` = `jury_dept`.`Jury_no`))) left join `group_dept` on((`history_title`.`expert_group` = `group_dept`.`Group_no`))) */;
/*!50001 SET character_set_client      = @saved_cs_client */;
/*!50001 SET character_set_results     = @saved_cs_results */;
/*!50001 SET collation_connection      = @saved_col_connection */;

--
-- Final view structure for view `infolistview`
--

/*!50001 DROP TABLE IF EXISTS `infolistview`*/;
/*!50001 DROP VIEW IF EXISTS `infolistview`*/;
/*!50001 SET @saved_cs_client          = @@character_set_client */;
/*!50001 SET @saved_cs_results         = @@character_set_results */;
/*!50001 SET @saved_col_connection     = @@collation_connection */;
/*!50001 SET character_set_client      = utf8 */;
/*!50001 SET character_set_results     = utf8 */;
/*!50001 SET collation_connection      = utf8_general_ci */;
/*!50001 CREATE ALGORITHM=UNDEFINED */
/*!50013 DEFINER=`root`@`localhost` SQL SECURITY DEFINER */
/*!50001 VIEW `infolistview` AS select distinct `expert_baseinfo`.`Expert_id` AS `Expert_id`,`expert_baseinfo`.`Expert_Field1` AS `Expert_Field1`,`expert_baseinfo`.`Expert_Field2` AS `Expert_Field2`,`code_sex`.`sex` AS `Expert_Field3`,`expert_baseinfo`.`Expert_Field4` AS `Expert_Field4`,`expert_baseinfo`.`Expert_Field5` AS `Expert_Field5`,`code_education`.`education` AS `Expert_Field6`,`code_degree`.`degree` AS `Expert_Field7`,`expert_baseinfo`.`Expert_Field8` AS `Expert_Field8`,`expert_baseinfo`.`Expert_Field9` AS `Expert_Field9`,`cs1`.`special` AS `Expert_Field10`,`expert_baseinfo`.`Expert_Field11` AS `Expert_Field11`,`cs2`.`special` AS `Expert_Field12`,`expert_baseinfo`.`Expert_Field13` AS `Expert_Field13`,`expert_baseinfo`.`Expert_Field14` AS `Expert_Field14`,`code_judge`.`judge` AS `Expert_Field15`,`expert_baseinfo`.`Expert_Field16` AS `Expert_Field16`,`code_title`.`title` AS `Expert_Field17`,`code_titlegrade`.`titlegrade` AS `Expert_Field18`,`code_series`.`series` AS `Expert_Field19`,`expert_baseinfo`.`Expert_Field20` AS `Expert_Field20`,`code_engage`.`engage` AS `Expert_Field21`,`jd1`.`Jury_name` AS `Expert_Field22`,`cc1`.`counciltitle` AS `Expert_Field23`,`expert_baseinfo`.`Expert_Field24` AS `Expert_Field24`,`expert_baseinfo`.`Expert_Field25` AS `Expert_Field25`,`expert_baseinfo`.`Expert_Field26` AS `Expert_Field26`,`expert_baseinfo`.`Expert_Field27` AS `Expert_Field27`,`expert_baseinfo`.`Expert_Field28` AS `Expert_Field28`,`expert_baseinfo`.`Expert_Field29` AS `Expert_Field29`,`expert_baseinfo`.`Expert_Field30` AS `Expert_Field30`,`jd2`.`Jury_name` AS `Expert_Field31`,`cc2`.`counciltitle` AS `Expert_Field32`,`group_dept`.`Group_name` AS `Expert_Field33`,`code_grouptitle`.`grouptitle` AS `Expert_Field34`,`expert_baseinfo`.`Expert_Field35` AS `Expert_Field35` from ((((((((((((((((`expert_baseinfo` left join `code_sex` on((`expert_baseinfo`.`Expert_Field3` = convert(`code_sex`.`code` using utf8)))) left join `code_education` on((`expert_baseinfo`.`Expert_Field6` = convert(`code_education`.`code` using utf8)))) left join `code_degree` on((`expert_baseinfo`.`Expert_Field7` = convert(`code_degree`.`code` using utf8)))) left join `code_special` `cs1` on((`expert_baseinfo`.`Expert_Field10` = convert(`cs1`.`code` using utf8)))) left join `code_special` `cs2` on((`expert_baseinfo`.`Expert_Field12` = convert(`cs2`.`code` using utf8)))) left join `code_judge` on((`expert_baseinfo`.`Expert_Field15` = convert(`code_judge`.`code` using utf8)))) left join `code_title` on((`expert_baseinfo`.`Expert_Field17` = convert(`code_title`.`code` using utf8)))) left join `code_titlegrade` on((convert(`expert_baseinfo`.`Expert_Field18` using utf8) = `code_titlegrade`.`code`))) left join `code_series` on((convert(`expert_baseinfo`.`Expert_Field19` using utf8) = `code_series`.`code`))) left join `code_engage` on((`expert_baseinfo`.`Expert_Field21` = convert(`code_engage`.`code` using utf8)))) left join `jury_dept` `jd1` on((`expert_baseinfo`.`Expert_Field22` = `jd1`.`Jury_no`))) left join `code_counciltitle` `cc1` on((`expert_baseinfo`.`Expert_Field23` = convert(`cc1`.`code` using utf8)))) left join `jury_dept` `jd2` on((`expert_baseinfo`.`Expert_Field31` = convert(`jd2`.`Jury_no` using utf8)))) left join `code_counciltitle` `cc2` on((`expert_baseinfo`.`Expert_Field32` = convert(`cc2`.`code` using utf8)))) left join `group_dept` on((`expert_baseinfo`.`Expert_Field33` = convert(`group_dept`.`Group_no` using utf8)))) left join `code_grouptitle` on((`expert_baseinfo`.`Expert_Field34` = convert(`code_grouptitle`.`code` using utf8)))) */;
/*!50001 SET character_set_client      = @saved_cs_client */;
/*!50001 SET character_set_results     = @saved_cs_results */;
/*!50001 SET collation_connection      = @saved_col_connection */;

--
-- Final view structure for view `infolistviewinch`
--

/*!50001 DROP TABLE IF EXISTS `infolistviewinch`*/;
/*!50001 DROP VIEW IF EXISTS `infolistviewinch`*/;
/*!50001 SET @saved_cs_client          = @@character_set_client */;
/*!50001 SET @saved_cs_results         = @@character_set_results */;
/*!50001 SET @saved_col_connection     = @@collation_connection */;
/*!50001 SET character_set_client      = utf8 */;
/*!50001 SET character_set_results     = utf8 */;
/*!50001 SET collation_connection      = utf8_general_ci */;
/*!50001 CREATE ALGORITHM=UNDEFINED */
/*!50013 DEFINER=`root`@`localhost` SQL SECURITY DEFINER */
/*!50001 VIEW `infolistviewinch` AS select distinct `expert_baseinfo`.`Expert_id` AS `专家标识`,`expert_baseinfo`.`Expert_Field1` AS `专家编号`,`expert_baseinfo`.`Expert_Field2` AS `专家姓名`,`code_sex`.`sex` AS `专家性别`,`expert_baseinfo`.`Expert_Field4` AS `身份证号`,`expert_baseinfo`.`Expert_Field5` AS `出生年月`,`code_education`.`education` AS `最高学历`,`code_degree`.`degree` AS `所获学位`,`expert_baseinfo`.`Expert_Field8` AS `毕肄业时间`,`expert_baseinfo`.`Expert_Field9` AS `毕肄业学校`,`cs1`.`special` AS `所学专业`,`expert_baseinfo`.`Expert_Field11` AS `参加工作时间`,`cs2`.`special` AS `现从事专业`,`expert_baseinfo`.`Expert_Field13` AS `现从事专业年限`,`expert_baseinfo`.`Expert_Field14` AS `工作单位`,`code_judge`.`judge` AS `是否本单位`,`expert_baseinfo`.`Expert_Field16` AS `行政职务`,`code_title`.`title` AS `现有任职资格`,`code_titlegrade`.`titlegrade` AS `资格级别`,`code_series`.`series` AS `任职资格所属系列`,`expert_baseinfo`.`Expert_Field20` AS `任职资格取得时间`,`code_engage`.`engage` AS `聘任情况`,`jd1`.`Jury_name` AS `曾任高评委名称`,`cc1`.`counciltitle` AS `曾属高评委职务`,`expert_baseinfo`.`Expert_Field24` AS `任职时间`,`expert_baseinfo`.`Expert_Field25` AS `通信地址`,`expert_baseinfo`.`Expert_Field26` AS `手机`,`expert_baseinfo`.`Expert_Field27` AS `办公室电话`,`expert_baseinfo`.`Expert_Field28` AS `住宅电话`,`expert_baseinfo`.`Expert_Field29` AS `邮政编码`,`expert_baseinfo`.`Expert_Field30` AS `电子邮箱`,`jd2`.`Jury_name` AS `所属任高评委名称`,`cc2`.`counciltitle` AS `拟任高评委职务`,`group_dept`.`Group_name` AS `所属专业组名称`,`code_grouptitle`.`grouptitle` AS `拟任专业组职务`,`expert_baseinfo`.`Expert_Field35` AS `入库时间` from ((((((((((((((((`expert_baseinfo` left join `code_sex` on((`expert_baseinfo`.`Expert_Field3` = convert(`code_sex`.`code` using utf8)))) left join `code_education` on((`expert_baseinfo`.`Expert_Field6` = convert(`code_education`.`code` using utf8)))) left join `code_degree` on((`expert_baseinfo`.`Expert_Field7` = convert(`code_degree`.`code` using utf8)))) left join `code_special` `cs1` on((`expert_baseinfo`.`Expert_Field10` = convert(`cs1`.`code` using utf8)))) left join `code_special` `cs2` on((`expert_baseinfo`.`Expert_Field12` = convert(`cs2`.`code` using utf8)))) left join `code_judge` on((`expert_baseinfo`.`Expert_Field15` = convert(`code_judge`.`code` using utf8)))) left join `code_title` on((`expert_baseinfo`.`Expert_Field17` = convert(`code_title`.`code` using utf8)))) left join `code_titlegrade` on((convert(`expert_baseinfo`.`Expert_Field18` using utf8) = `code_titlegrade`.`code`))) left join `code_series` on((convert(`expert_baseinfo`.`Expert_Field19` using utf8) = `code_series`.`code`))) left join `code_engage` on((`expert_baseinfo`.`Expert_Field21` = convert(`code_engage`.`code` using utf8)))) left join `jury_dept` `jd1` on((`expert_baseinfo`.`Expert_Field22` = `jd1`.`Jury_no`))) left join `code_counciltitle` `cc1` on((`expert_baseinfo`.`Expert_Field23` = convert(`cc1`.`code` using utf8)))) left join `jury_dept` `jd2` on((`expert_baseinfo`.`Expert_Field31` = convert(`jd2`.`Jury_no` using utf8)))) left join `code_counciltitle` `cc2` on((`expert_baseinfo`.`Expert_Field32` = convert(`cc2`.`code` using utf8)))) left join `group_dept` on((`expert_baseinfo`.`Expert_Field33` = convert(`group_dept`.`Group_no` using utf8)))) left join `code_grouptitle` on((`expert_baseinfo`.`Expert_Field34` = convert(`code_grouptitle`.`code` using utf8)))) */;
/*!50001 SET character_set_client      = @saved_cs_client */;
/*!50001 SET character_set_results     = @saved_cs_results */;
/*!50001 SET collation_connection      = @saved_col_connection */;
/*!40103 SET TIME_ZONE=@OLD_TIME_ZONE */;

/*!40101 SET SQL_MODE=@OLD_SQL_MODE */;
/*!40014 SET FOREIGN_KEY_CHECKS=@OLD_FOREIGN_KEY_CHECKS */;
/*!40014 SET UNIQUE_CHECKS=@OLD_UNIQUE_CHECKS */;
/*!40101 SET CHARACTER_SET_CLIENT=@OLD_CHARACTER_SET_CLIENT */;
/*!40101 SET CHARACTER_SET_RESULTS=@OLD_CHARACTER_SET_RESULTS */;
/*!40101 SET COLLATION_CONNECTION=@OLD_COLLATION_CONNECTION */;
/*!40111 SET SQL_NOTES=@OLD_SQL_NOTES */;

-- Dump completed on 2018-01-16 19:04:59
